--CREATE DATABASE QuanLyThiTracNghiem_1
USE QuanLyThiTracNghiem_1
--drop database QuanLyThiTracNghiem

--CREATE TABLE CoSo(
--MACS nchar(3) primary key, TENCS nvarchar(40) unique, DIACHI nvarchar(100))
--INSERT INTO CoSo VALUES ('CS1', 'Co so 1', 'Dia chi 1: Số 19 Nguyễn Hữu Thọ, P. Tân Phong, Q. 7, Tp. Hồ Chí Minh')
--INSERT INTO CoSo VALUES (N'CS1', N'Cơ sở 1', N'Địa chỉ 1: Số 19 Nguyễn Hữu Thọ, P. Tân Phong, Q. 7, Tp. Hồ Chí Minh')
----update CoSo
----set DIACHI = N'Địa chỉ 1: Số 19 Nguyễn Hữu Thọ, P. Tân Phong, Q. 7, Tp. Hồ Chí Minh',
----TENCS = N'Cơ sở 1'
----where MACS = 'CS1'
--INSERT INTO CoSo VALUES ('CS2', N'Cơ sở 2', N'Địa chỉ 2: 22 Nguyễn Đình Chiểu, Vĩnh Phước, Thành phố Nha Trang')
--INSERT INTO CoSo VALUES (N'CS2', N'Cơ sở 2', N'Địa chỉ 2: 22 Nguyễn Đình Chiểu, Vĩnh Phước, Thành phố Nha Trang')
--select * from CoSo

----Mã khoa: KH:STT(01):4_ký_tự_tên
--CREATE TABLE Khoa(
--MAKH nchar(8) primary key, TENKH nvarchar(40) unique,
--MACS nchar(3) foreign key references CoSo(MACS))
--INSERT INTO Khoa VALUES (N'KH01CNTT', N'Công nghệ thông tin', N'CS1')
--INSERT INTO Khoa VALUES (N'KH02DUOC', N'Dược', N'CS1')
--INSERT INTO Khoa VALUES (N'KH03DVDT', N'Điện - Điện tử', N'CS2')
--INSERT INTO Khoa VALUES (N'KH04KETO', N'Kế toán', N'CS2')

--CREATE TABLE Lop(
--MALOP nchar(8) primary key, TENLOP nvarchar(40) unique,
--MAKH nchar(8) foreign key references Khoa(MAKH))
--INSERT INTO Lop VALUES (N'CNTT2001', N'Lớp CNTT 1', N'KH01CNTT')
--INSERT INTO Lop VALUES (N'CNTT2002', N'Lớp CNTT 2', N'KH01CNTT')
--INSERT INTO Lop VALUES (N'DUOC2001', N'Lớp Dược 1', N'KH02DUOC')
--INSERT INTO Lop VALUES (N'DUOC2002', N'Lớp Dược 2', N'KH02DUOC')
--INSERT INTO Lop VALUES (N'DVDT2001', N'Lớp Điện - Điện tử 1', N'KH03DVDT')
--INSERT INTO Lop VALUES (N'DVDT2002', N'Lớp Điện - Điện tử 2', N'KH03DVDT')
--INSERT INTO Lop VALUES (N'KETO2001', N'Lớp Kế toán 1', N'KH04KETO')
--INSERT INTO Lop VALUES (N'KETO2002', N'Lớp Kế toán 2', N'KH04KETO')
----ALTER TABLE Lop DROP CONSTRAINT [UQ__Lop__E100BDB733FCEF4A]
----ALTER TABLE Lop
----ALTER COLUMN TENLOP nvarchar(40)
--select * from Lop


--CREATE TABLE MonHoc(MAMH Nchar(5) primary key, TENMH Nvarchar(40) unique)
--INSERT INTO MonHoc VALUES (N'CSPT ', N'Cơ sở dữ liệu phân tán')
--INSERT INTO MonHoc VALUES (N'CTDL ', N'Cấu trúc dữ liệu')
--INSERT INTO MonHoc VALUES (N'TNHD ', N'Thí nghiệm hóa dược')
--INSERT INTO MonHoc VALUES (N'BC1  ', N'Bào chế 1')
--INSERT INTO MonHoc VALUES (N'KTCT ', N'Kỹ thuật chế tạo')
--INSERT INTO MonHoc VALUES (N'DSKTD', N'Dung sai và kỹ thuật đo')
--INSERT INTO MonHoc VALUES (N'NLKT ', N'Nguyên lý kế toán')
--INSERT INTO MonHoc VALUES (N'KTQT ', N'Kế toán quản trị')


----alter table SinhVien
----alter column DIACHI nvarchar(40)
--CREATE TABLE SinhVien(
--MASV nchar(8) primary key, HO nvarchar(40), TEN nvarchar(10), NGAYSINH datetime,
--DIACHI nvarchar(40), MALOP nchar(8) foreign key references Lop(MALOP))
--INSERT INTO SinhVien values (N'01200001', N'Lâm Phúc', N'Nghi', '03/31/1996', N'Lê Văn Lương, phường Tân Phong, quận 7', N'CNTT2001')
--INSERT INTO SinhVien values (N'01200002', N'Đậu Minh', N'Lượng', '01/01/1996', N'Nguyễn Thị Thập, p Tân Phong, quận 7', N'CNTT2001')
--INSERT INTO SinhVien values (N'01200003', N'Lê Văn', N'Một', '02/02/1996', N'Nguyễn Văn Linh, p Tân Phú, quận 7', N'CNTT2002')
--INSERT INTO SinhVien values (N'01200004', N'Lê Văn', N'Hai', '03/03/1996', N'Nguyễn Thị Định, p An Phú, quận 2', N'CNTT2002')

--INSERT INTO SinhVien values (N'02200001', N'Nguyễn Văn', N'Ba', '04/04/1996', N'Nguyễn Thị Định, phường An Phú, quận 2', N'DUOC2001')
--INSERT INTO SinhVien values (N'02200002', N'Lê Thị', N'Bốn', '05/05/1996', N'Nguyễn Thị Định, phường An Phú, quận 2', N'DUOC2001')
--INSERT INTO SinhVien values (N'02200003', N'Đoàn Văn', N'Năm', '06/06/1998', N'Nguyễn Văn Linh, phường Tân Phú, quận 7', N'DUOC2002')
--INSERT INTO SinhVien values (N'02200004', N'Lưu Văn', N'Sáu', '07/07/1999', N'Nguyễn Thị Định, phường An Phú, quận 2', N'DUOC2002')

--INSERT INTO SinhVien values (N'03200001', N'Nguyễn Thị', N'Bảy', '08/08/1997', N'106 Tên Lửa, p An Lạc A, quận Bình Tân', N'DVDT2001')
--INSERT INTO SinhVien values (N'03200002', N'Nguyễn Nhựt', N'Tám', '09/09/2000', N'Kinh Dương Vương, p An Lạc, q Bình Tân', N'DVDT2001')
--INSERT INTO SinhVien values (N'03200003', N'Nguyễn Thị', N'Chín', '01/03/1999', N'Kinh Dương Vương, p An Lạc, q Bình Tân', N'DVDT2002')
--INSERT INTO SinhVien values (N'03200004', N'Lê Văn', N'Mười', '02/05/1998', N'Nguyễn Thị Định, phường An Phú, quận 2', N'DVDT2002')

--INSERT INTO SinhVien values (N'04200001', N'Lê Mười', N'Một', '03/03/1998', N'Nguyễn Thị Định, p An Phú, quận 2', N'KETO2001')
--INSERT INTO SinhVien values (N'04200002', N'Lê Mười', N'Hai', '02/10/1999', N'Nguyễn Thị Định, p An Phú, quận 2', N'KETO2001')
--INSERT INTO SinhVien values (N'04200003', N'Lê Mười', N'Ba', '04/03/1999', N'Nguyễn Thị Định, p An Phú, quận 2', N'KETO2002')
--INSERT INTO SinhVien values (N'04200004', N'Lê Mười', N'Bốn', '03/04/1999', N'Nguyễn Thị Định, p An Phú, quận 2', N'KETO2002')

--select * from SinhVien


--CREATE TABLE GiaoVien(
--MAGV nchar(8) primary key, HO nvarchar(40), TEN nvarchar(10), HOCVI nvarchar(40),
--MAKH nchar(8) foreign key references Khoa(MAKH))
--INSERT INTO GiaoVien VALUES (N'GV010001', N'Thái Trà', N'My', N'Tiến sỹ', N'KH01CNTT')
--INSERT INTO GiaoVien VALUES (N'GV010002', N'Phạm Văn', N'Huy', N'Tiến sỹ', N'KH01CNTT')
--INSERT INTO GiaoVien VALUES (N'GV010003', N'Lê Văn', N'Vang', N'Thạc sỹ', N'KH01CNTT')
--INSERT INTO GiaoVien VALUES (N'GV010004', N'Đỗ Quốc', N'Hưng', N'Cử nhân', N'KH01CNTT')

--INSERT INTO GiaoVien VALUES (N'GV020001', N'Nguyễn Minh', N'Đức', N'Tiến sỹ', N'KH02DUOC')
--INSERT INTO GiaoVien VALUES (N'GV020002', N'Nguyễn Trường', N'Huy', N'Tiến sỹ', N'KH02DUOC')
--INSERT INTO GiaoVien VALUES (N'GV020003', N'Vũ Huỳnh Kim', N'Long', N'Thạc sỹ', N'KH02DUOC')
--INSERT INTO GiaoVien VALUES (N'GV020004', N'Nguyễn Văn', N'Thắng', N'Thạc sỹ', N'KH02DUOC')

--INSERT INTO GiaoVien VALUES (N'GV030001', N'Đồng Sĩ Thiên', N'Châu', N'Tiến sỹ', N'KH03DVDT')
--INSERT INTO GiaoVien VALUES (N'GV030002', N'Võ Hoàng', N'Duy', N'Tiến sỹ', N'KH03DVDT')
--INSERT INTO GiaoVien VALUES (N'GV030003', N'Nguyễn Quang', N'Dũng', N'Thạc sỹ', N'KH03DVDT')
--INSERT INTO GiaoVien VALUES (N'GV030004', N'Phan Tấn', N'Phát', N'Thạc sỹ', N'KH03DVDT')

--INSERT INTO GiaoVien VALUES (N'GV040001', N'Lê Thị Mỹ', N'Hạnh', N'Tiến sỹ', N'KH04KETO')
--INSERT INTO GiaoVien VALUES (N'GV040002', N'Trần Đỗ Thùy', N'Linh', N'Thạc sỹ', N'KH04KETO')
--INSERT INTO GiaoVien VALUES (N'GV040003', N'Tăng Trí', N'Hùng', N'Tiến sỹ', N'KH04KETO')
--INSERT INTO GiaoVien VALUES (N'GV040004', N'Trần Thị Kim', N'Phượng', N'Thạc sỹ', N'KH04KETO')

--SELECT * FROM GiaoVien

--CREATE TABLE GiaoVien_DangKy(
--MAGV nchar(8) foreign key references GiaoVien(MAGV) NOT NULL,
--MALOP nchar(8) foreign key references Lop(MALOP) NOT NULL,
--MAMH nchar(5) foreign key references MonHoc(MAMH) NOT NULL,
--TRINHDO nchar(1) CHECK (TRINHDO = 'A' OR TRINHDO = 'B' OR TRINHDO = 'C'),
--NGAYTHI datetime DEFAULT GETDATE(),
--LAN smallint NOT NULL CHECK (LAN >= 1 AND LAN <= 2), 
--SOCAUTHI smallint CHECK (SOCAUTHI >= 10 AND SOCAUTHI <= 100),
--THOIGIAN smallint CHECK (THOIGIAN >= 15 AND THOIGIAN <= 60),
--PRIMARY KEY (MALOP, MAMH, LAN))
--32 dong-------------------------------------------------------------------------------lanthi, socauthi, thoigian
--INSERT INTO GiaoVien_DangKy VALUES (N'GV010001', N'CNTT2001', N'CSPT ', N'A', '01/01/2021', 1, 10, 15)
--INSERT INTO GiaoVien_DangKy VALUES (N'GV010001', N'CNTT2001', N'CSPT ', N'B', '01/01/2021', 2, 20, 20)
--INSERT INTO GiaoVien_DangKy VALUES (N'GV010002', N'CNTT2001', N'CTDL ', N'A', '02/01/2021', 1, 40, 45)
--INSERT INTO GiaoVien_DangKy VALUES (N'GV010002', N'CNTT2001', N'CTDL ', N'C', '03/01/2021', 2, 40, 45)

--INSERT INTO GiaoVien_DangKy VALUES (N'GV010001', N'CNTT2002', N'CSPT ', N'A', '01/01/2021', 1, 10, 15)
--INSERT INTO GiaoVien_DangKy VALUES (N'GV010001', N'CNTT2002', N'CSPT ', N'B', '01/01/2021', 2, 20, 20)
--INSERT INTO GiaoVien_DangKy VALUES (N'GV010002', N'CNTT2002', N'CTDL ', N'A', '02/01/2021', 1, 40, 45)
--INSERT INTO GiaoVien_DangKy VALUES (N'GV010002', N'CNTT2002', N'CTDL ', N'C', '03/01/2021', 2, 40, 45)


--INSERT INTO GiaoVien_DangKy VALUES (N'GV020001', N'DUOC2001', N'TNHD ', N'A', '02/01/2021', 1, 40, 45)
--INSERT INTO GiaoVien_DangKy VALUES (N'GV020001', N'DUOC2001', N'TNHD ', N'B', '02/01/2021', 2, 40, 45)
--INSERT INTO GiaoVien_DangKy VALUES (N'GV020002', N'DUOC2001', N'BC1  ', N'A', '02/01/2021', 1, 40, 45)
--INSERT INTO GiaoVien_DangKy VALUES (N'GV020002', N'DUOC2001', N'BC1  ', N'B', '02/01/2021', 2, 40, 45)

--INSERT INTO GiaoVien_DangKy VALUES (N'GV020001', N'DUOC2002', N'TNHD ', N'A', '02/02/2021', 1, 40, 45)
--INSERT INTO GiaoVien_DangKy VALUES (N'GV020001', N'DUOC2002', N'TNHD ', N'B', '02/03/2021', 2, 40, 45)
--INSERT INTO GiaoVien_DangKy VALUES (N'GV020002', N'DUOC2002', N'BC1  ', N'A', '02/04/2021', 1, 40, 45)
--INSERT INTO GiaoVien_DangKy VALUES (N'GV020002', N'DUOC2002', N'BC1  ', N'B', '02/05/2021', 2, 40, 45)


--INSERT INTO GiaoVien_DangKy VALUES (N'GV030001', N'DVDT2001', N'KTCT ', N'A', '01/01/2021', 1, 20, 45)
--INSERT INTO GiaoVien_DangKy VALUES (N'GV030001', N'DVDT2001', N'KTCT ', N'B', '01/01/2021', 2, 20, 45)
--INSERT INTO GiaoVien_DangKy VALUES (N'GV030002', N'DVDT2001', N'DSKTD', N'B', '01/02/2021', 1, 20, 45)
--INSERT INTO GiaoVien_DangKy VALUES (N'GV030002', N'DVDT2001', N'DSKTD', N'C', '01/02/2021', 2, 20, 45)

--INSERT INTO GiaoVien_DangKy VALUES (N'GV030001', N'DVDT2002', N'KTCT ', N'A', '01/01/2021', 1, 20, 45)
--INSERT INTO GiaoVien_DangKy VALUES (N'GV030001', N'DVDT2002', N'KTCT ', N'B', '01/01/2021', 2, 20, 45)
--INSERT INTO GiaoVien_DangKy VALUES (N'GV030002', N'DVDT2002', N'DSKTD', N'B', '01/02/2021', 1, 20, 45)
--INSERT INTO GiaoVien_DangKy VALUES (N'GV030002', N'DVDT2002', N'DSKTD', N'C', '01/02/2021', 2, 20, 45)


--INSERT INTO GiaoVien_DangKy VALUES (N'GV040001', N'KETO2001', N'NLKT ', N'A', '01/01/2021', 1, 20, 45)
--INSERT INTO GiaoVien_DangKy VALUES (N'GV040001', N'KETO2001', N'NLKT ', N'B', '01/01/2021', 2, 20, 45)
--INSERT INTO GiaoVien_DangKy VALUES (N'GV040002', N'KETO2001', N'KTQT ', N'A', '01/02/2021', 1, 20, 45)
--INSERT INTO GiaoVien_DangKy VALUES (N'GV040002', N'KETO2001', N'KTQT ', N'C', '01/02/2021', 2, 20, 45)

--INSERT INTO GiaoVien_DangKy VALUES (N'GV040001', N'KETO2002', N'NLKT ', N'A', '01/01/2021', 1, 20, 45)
--INSERT INTO GiaoVien_DangKy VALUES (N'GV040001', N'KETO2002', N'NLKT ', N'B', '01/01/2021', 2, 20, 45)
--INSERT INTO GiaoVien_DangKy VALUES (N'GV040002', N'KETO2002', N'KTQT ', N'A', '01/02/2021', 1, 20, 45)
--INSERT INTO GiaoVien_DangKy VALUES (N'GV040002', N'KETO2002', N'KTQT ', N'C', '01/02/2021', 2, 20, 45)

--select * from GiaoVien_DangKy


--CREATE TABLE BoDe(
--MAMH nchar(5) foreign key references MonHoc(MAMH),
--CAUHOI int primary key,
--TRINHDO nchar(1) CHECK (TRINHDO = 'A' OR TRINHDO = 'B' OR TRINHDO = 'C'),
--NOIDUNG ntext,
--A nvarchar(30),
--B nvarchar(30),
--C nvarchar(30),
--D nvarchar(30),
--DAPAN nchar(1) CHECK (DAPAN = 'A' OR DAPAN = 'B' OR DAPAN = 'C' OR DAPAN = 'D'),
--MAGV nchar(8) foreign key references GiaoVien(MAGV))
-----------------------------------------------------------------------------------------------------------------------------------------------------cspt A
--INSERT INTO BoDe VALUES (N'CSPT ', 1, N'A', N'Nội dung câu hỏi số 1 trình độ A. Đáp Án A.', N'Đáp án A', N'Đáp án B', N'Đáp án C', N'Đáp án D', N'A', N'GV010001')
--INSERT INTO BoDe VALUES (N'CSPT ', 2, N'A', N'Nội dung câu hỏi số 2 trình độ A. Đáp Án A.', N'Đáp án A', N'Đáp án B', N'Đáp án C', N'Đáp án D', N'A', N'GV010001')
--INSERT INTO BoDe VALUES (N'CSPT ', 3, N'A', N'Nội dung câu hỏi số 3 trình độ A. Đáp Án A.', N'Đáp án A', N'Đáp án B', N'Đáp án C', N'Đáp án D', N'A', N'GV010001')
--INSERT INTO BoDe VALUES (N'CSPT ', 4, N'A', N'Nội dung câu hỏi số 4 trình độ A. Đáp Án A.', N'Đáp án A', N'Đáp án B', N'Đáp án C', N'Đáp án D', N'A', N'GV010001')
--INSERT INTO BoDe VALUES (N'CSPT ', 5, N'A', N'Nội dung câu hỏi số 5 trình độ A. Đáp Án A.', N'Đáp án A', N'Đáp án B', N'Đáp án C', N'Đáp án D', N'A', N'GV010001')
--INSERT INTO BoDe VALUES (N'CSPT ', 6, N'A', N'Nội dung câu hỏi số 6 trình độ A. Đáp Án A.', N'Đáp án A', N'Đáp án B', N'Đáp án C', N'Đáp án D', N'A', N'GV010001')
--INSERT INTO BoDe VALUES (N'CSPT ', 7, N'A', N'Nội dung câu hỏi số 7 trình độ A. Đáp Án A.', N'Đáp án A', N'Đáp án B', N'Đáp án C', N'Đáp án D', N'A', N'GV010001')
--INSERT INTO BoDe VALUES (N'CSPT ', 8, N'A', N'Nội dung câu hỏi số 8 trình độ A. Đáp Án A.', N'Đáp án A', N'Đáp án B', N'Đáp án C', N'Đáp án D', N'A', N'GV010001')
--INSERT INTO BoDe VALUES (N'CSPT ', 9, N'A', N'Nội dung câu hỏi số 9 trình độ A. Đáp Án A.', N'Đáp án A', N'Đáp án B', N'Đáp án C', N'Đáp án D', N'A', N'GV010001')
--INSERT INTO BoDe VALUES (N'CSPT ', 10, N'A', N'Nội dung câu hỏi số 10 trình độ A. Đáp Án A.', N'Đáp án A', N'Đáp án B', N'Đáp án C', N'Đáp án D', N'A', N'GV010001')

--INSERT INTO BoDe VALUES (N'CSPT ', 11, N'A', N'Nội dung câu hỏi số 11 trình độ A. Đáp Án B.', N'Đáp án A', N'Đáp án B', N'Đáp án C', N'Đáp án D', N'B', N'GV010001')
--INSERT INTO BoDe VALUES (N'CSPT ', 12, N'A', N'Nội dung câu hỏi số 12 trình độ A. Đáp Án B.', N'Đáp án A', N'Đáp án B', N'Đáp án C', N'Đáp án D', N'B', N'GV010001')
--INSERT INTO BoDe VALUES (N'CSPT ', 13, N'A', N'Nội dung câu hỏi số 13 trình độ A. Đáp Án B.', N'Đáp án A', N'Đáp án B', N'Đáp án C', N'Đáp án D', N'B', N'GV010001')
--INSERT INTO BoDe VALUES (N'CSPT ', 14, N'A', N'Nội dung câu hỏi số 14 trình độ A. Đáp Án B.', N'Đáp án A', N'Đáp án B', N'Đáp án C', N'Đáp án D', N'B', N'GV010001')
--INSERT INTO BoDe VALUES (N'CSPT ', 15, N'A', N'Nội dung câu hỏi số 15 trình độ A. Đáp Án B.', N'Đáp án A', N'Đáp án B', N'Đáp án C', N'Đáp án D', N'B', N'GV010001')
--INSERT INTO BoDe VALUES (N'CSPT ', 16, N'A', N'Nội dung câu hỏi số 16 trình độ A. Đáp Án B.', N'Đáp án A', N'Đáp án B', N'Đáp án C', N'Đáp án D', N'B', N'GV010001')
--INSERT INTO BoDe VALUES (N'CSPT ', 17, N'A', N'Nội dung câu hỏi số 17 trình độ A. Đáp Án B.', N'Đáp án A', N'Đáp án B', N'Đáp án C', N'Đáp án D', N'B', N'GV010001')
--INSERT INTO BoDe VALUES (N'CSPT ', 18, N'A', N'Nội dung câu hỏi số 18 trình độ A. Đáp Án B.', N'Đáp án A', N'Đáp án B', N'Đáp án C', N'Đáp án D', N'B', N'GV010001')
--INSERT INTO BoDe VALUES (N'CSPT ', 19, N'A', N'Nội dung câu hỏi số 19 trình độ A. Đáp Án B.', N'Đáp án A', N'Đáp án B', N'Đáp án C', N'Đáp án D', N'B', N'GV010001')
--INSERT INTO BoDe VALUES (N'CSPT ', 20, N'A', N'Nội dung câu hỏi số 20 trình độ A. Đáp Án B.', N'Đáp án A', N'Đáp án B', N'Đáp án C', N'Đáp án D', N'B', N'GV010001')

--INSERT INTO BoDe VALUES (N'CSPT ', 21, N'A', N'Nội dung câu hỏi số 21 trình độ A. Đáp Án C.', N'Đáp án A', N'Đáp án B', N'Đáp án C', N'Đáp án D', N'C', N'GV010001')
--INSERT INTO BoDe VALUES (N'CSPT ', 22, N'A', N'Nội dung câu hỏi số 22 trình độ A. Đáp Án C.', N'Đáp án A', N'Đáp án B', N'Đáp án C', N'Đáp án D', N'C', N'GV010001')
--INSERT INTO BoDe VALUES (N'CSPT ', 23, N'A', N'Nội dung câu hỏi số 23 trình độ A. Đáp Án C.', N'Đáp án A', N'Đáp án B', N'Đáp án C', N'Đáp án D', N'C', N'GV010001')
--INSERT INTO BoDe VALUES (N'CSPT ', 24, N'A', N'Nội dung câu hỏi số 24 trình độ A. Đáp Án C.', N'Đáp án A', N'Đáp án B', N'Đáp án C', N'Đáp án D', N'C', N'GV010001')
--INSERT INTO BoDe VALUES (N'CSPT ', 25, N'A', N'Nội dung câu hỏi số 25 trình độ A. Đáp Án C.', N'Đáp án A', N'Đáp án B', N'Đáp án C', N'Đáp án D', N'C', N'GV010001')
--INSERT INTO BoDe VALUES (N'CSPT ', 26, N'A', N'Nội dung câu hỏi số 26 trình độ A. Đáp Án C.', N'Đáp án A', N'Đáp án B', N'Đáp án C', N'Đáp án D', N'C', N'GV010001')
--INSERT INTO BoDe VALUES (N'CSPT ', 27, N'A', N'Nội dung câu hỏi số 27 trình độ A. Đáp Án C.', N'Đáp án A', N'Đáp án B', N'Đáp án C', N'Đáp án D', N'C', N'GV010001')
--INSERT INTO BoDe VALUES (N'CSPT ', 28, N'A', N'Nội dung câu hỏi số 28 trình độ A. Đáp Án C.', N'Đáp án A', N'Đáp án B', N'Đáp án C', N'Đáp án D', N'C', N'GV010001')
--INSERT INTO BoDe VALUES (N'CSPT ', 29, N'A', N'Nội dung câu hỏi số 29 trình độ A. Đáp Án C.', N'Đáp án A', N'Đáp án B', N'Đáp án C', N'Đáp án D', N'C', N'GV010001')
--INSERT INTO BoDe VALUES (N'CSPT ', 30, N'A', N'Nội dung câu hỏi số 30 trình độ A. Đáp Án C.', N'Đáp án A', N'Đáp án B', N'Đáp án C', N'Đáp án D', N'C', N'GV010001')

--INSERT INTO BoDe VALUES (N'CSPT ', 31, N'A', N'Nội dung câu hỏi số 31 trình độ A. Đáp Án D.', N'Đáp án A', N'Đáp án B', N'Đáp án C', N'Đáp án D', N'D', N'GV010001')
--INSERT INTO BoDe VALUES (N'CSPT ', 32, N'A', N'Nội dung câu hỏi số 32 trình độ A. Đáp Án D.', N'Đáp án A', N'Đáp án B', N'Đáp án C', N'Đáp án D', N'D', N'GV010001')
--INSERT INTO BoDe VALUES (N'CSPT ', 33, N'A', N'Nội dung câu hỏi số 33 trình độ A. Đáp Án D.', N'Đáp án A', N'Đáp án B', N'Đáp án C', N'Đáp án D', N'D', N'GV010001')
--INSERT INTO BoDe VALUES (N'CSPT ', 34, N'A', N'Nội dung câu hỏi số 34 trình độ A. Đáp Án D.', N'Đáp án A', N'Đáp án B', N'Đáp án C', N'Đáp án D', N'D', N'GV010001')
--INSERT INTO BoDe VALUES (N'CSPT ', 35, N'A', N'Nội dung câu hỏi số 35 trình độ A. Đáp Án D.', N'Đáp án A', N'Đáp án B', N'Đáp án C', N'Đáp án D', N'D', N'GV010001')
--INSERT INTO BoDe VALUES (N'CSPT ', 36, N'A', N'Nội dung câu hỏi số 36 trình độ A. Đáp Án D.', N'Đáp án A', N'Đáp án B', N'Đáp án C', N'Đáp án D', N'D', N'GV010001')
--INSERT INTO BoDe VALUES (N'CSPT ', 37, N'A', N'Nội dung câu hỏi số 37 trình độ A. Đáp Án D.', N'Đáp án A', N'Đáp án B', N'Đáp án C', N'Đáp án D', N'D', N'GV010001')
--INSERT INTO BoDe VALUES (N'CSPT ', 38, N'A', N'Nội dung câu hỏi số 38 trình độ A. Đáp Án D.', N'Đáp án A', N'Đáp án B', N'Đáp án C', N'Đáp án D', N'D', N'GV010001')
--INSERT INTO BoDe VALUES (N'CSPT ', 39, N'A', N'Nội dung câu hỏi số 39 trình độ A. Đáp Án D.', N'Đáp án A', N'Đáp án B', N'Đáp án C', N'Đáp án D', N'D', N'GV010001')
--INSERT INTO BoDe VALUES (N'CSPT ', 40, N'A', N'Nội dung câu hỏi số 40 trình độ A. Đáp Án D.', N'Đáp án A', N'Đáp án B', N'Đáp án C', N'Đáp án D', N'D', N'GV010001')
------------------------------------------------------------------------------------------------------------------------------------------------------------CSPT B
--INSERT INTO BoDe VALUES (N'CSPT ', 41, N'B', N'Nội dung câu hỏi số 41 trình độ B. Đáp Án A.', N'Đáp án A', N'Đáp án B', N'Đáp án C', N'Đáp án D', N'A', N'GV010001')
--INSERT INTO BoDe VALUES (N'CSPT ', 42, N'B', N'Nội dung câu hỏi số 42 trình độ B. Đáp Án A.', N'Đáp án A', N'Đáp án B', N'Đáp án C', N'Đáp án D', N'A', N'GV010001')
--INSERT INTO BoDe VALUES (N'CSPT ', 43, N'B', N'Nội dung câu hỏi số 43 trình độ B. Đáp Án A.', N'Đáp án A', N'Đáp án B', N'Đáp án C', N'Đáp án D', N'A', N'GV010001')
--INSERT INTO BoDe VALUES (N'CSPT ', 44, N'B', N'Nội dung câu hỏi số 44 trình độ B. Đáp Án A.', N'Đáp án A', N'Đáp án B', N'Đáp án C', N'Đáp án D', N'A', N'GV010001')
--INSERT INTO BoDe VALUES (N'CSPT ', 45, N'B', N'Nội dung câu hỏi số 45 trình độ B. Đáp Án A.', N'Đáp án A', N'Đáp án B', N'Đáp án C', N'Đáp án D', N'A', N'GV010001')
--INSERT INTO BoDe VALUES (N'CSPT ', 46, N'B', N'Nội dung câu hỏi số 46 trình độ B. Đáp Án A.', N'Đáp án A', N'Đáp án B', N'Đáp án C', N'Đáp án D', N'A', N'GV010001')
--INSERT INTO BoDe VALUES (N'CSPT ', 47, N'B', N'Nội dung câu hỏi số 47 trình độ B. Đáp Án A.', N'Đáp án A', N'Đáp án B', N'Đáp án C', N'Đáp án D', N'A', N'GV010001')
--INSERT INTO BoDe VALUES (N'CSPT ', 48, N'B', N'Nội dung câu hỏi số 48 trình độ B. Đáp Án A.', N'Đáp án A', N'Đáp án B', N'Đáp án C', N'Đáp án D', N'A', N'GV010001')
--INSERT INTO BoDe VALUES (N'CSPT ', 49, N'B', N'Nội dung câu hỏi số 49 trình độ B. Đáp Án A.', N'Đáp án A', N'Đáp án B', N'Đáp án C', N'Đáp án D', N'A', N'GV010001')
--INSERT INTO BoDe VALUES (N'CSPT ', 50, N'B', N'Nội dung câu hỏi số 50 trình độ B. Đáp Án A.', N'Đáp án A', N'Đáp án B', N'Đáp án C', N'Đáp án D', N'A', N'GV010001')

--INSERT INTO BoDe VALUES (N'CSPT ', 51, N'B', N'Nội dung câu hỏi số 51 trình độ B. Đáp Án B.', N'Đáp án A', N'Đáp án B', N'Đáp án C', N'Đáp án D', N'B', N'GV010001')
--INSERT INTO BoDe VALUES (N'CSPT ', 52, N'B', N'Nội dung câu hỏi số 52 trình độ B. Đáp Án B.', N'Đáp án A', N'Đáp án B', N'Đáp án C', N'Đáp án D', N'B', N'GV010001')
--INSERT INTO BoDe VALUES (N'CSPT ', 53, N'B', N'Nội dung câu hỏi số 53 trình độ B. Đáp Án B.', N'Đáp án A', N'Đáp án B', N'Đáp án C', N'Đáp án D', N'B', N'GV010001')
--INSERT INTO BoDe VALUES (N'CSPT ', 54, N'B', N'Nội dung câu hỏi số 54 trình độ B. Đáp Án B.', N'Đáp án A', N'Đáp án B', N'Đáp án C', N'Đáp án D', N'B', N'GV010001')
--INSERT INTO BoDe VALUES (N'CSPT ', 55, N'B', N'Nội dung câu hỏi số 55 trình độ B. Đáp Án B.', N'Đáp án A', N'Đáp án B', N'Đáp án C', N'Đáp án D', N'B', N'GV010001')
--INSERT INTO BoDe VALUES (N'CSPT ', 56, N'B', N'Nội dung câu hỏi số 56 trình độ B. Đáp Án B.', N'Đáp án A', N'Đáp án B', N'Đáp án C', N'Đáp án D', N'B', N'GV010001')
--INSERT INTO BoDe VALUES (N'CSPT ', 57, N'B', N'Nội dung câu hỏi số 57 trình độ B. Đáp Án B.', N'Đáp án A', N'Đáp án B', N'Đáp án C', N'Đáp án D', N'B', N'GV010001')
--INSERT INTO BoDe VALUES (N'CSPT ', 58, N'B', N'Nội dung câu hỏi số 58 trình độ B. Đáp Án B.', N'Đáp án A', N'Đáp án B', N'Đáp án C', N'Đáp án D', N'B', N'GV010001')
--INSERT INTO BoDe VALUES (N'CSPT ', 59, N'B', N'Nội dung câu hỏi số 59 trình độ B. Đáp Án B.', N'Đáp án A', N'Đáp án B', N'Đáp án C', N'Đáp án D', N'B', N'GV010001')
--INSERT INTO BoDe VALUES (N'CSPT ', 60, N'B', N'Nội dung câu hỏi số 60 trình độ B. Đáp Án B.', N'Đáp án A', N'Đáp án B', N'Đáp án C', N'Đáp án D', N'B', N'GV010001')

--INSERT INTO BoDe VALUES (N'CSPT ', 61, N'B', N'Nội dung câu hỏi số 61 trình độ B. Đáp Án C.', N'Đáp án A', N'Đáp án B', N'Đáp án C', N'Đáp án D', N'C', N'GV010001')
--INSERT INTO BoDe VALUES (N'CSPT ', 62, N'B', N'Nội dung câu hỏi số 62 trình độ B. Đáp Án C.', N'Đáp án A', N'Đáp án B', N'Đáp án C', N'Đáp án D', N'C', N'GV010001')
--INSERT INTO BoDe VALUES (N'CSPT ', 63, N'B', N'Nội dung câu hỏi số 63 trình độ B. Đáp Án C.', N'Đáp án A', N'Đáp án B', N'Đáp án C', N'Đáp án D', N'C', N'GV010001')
--INSERT INTO BoDe VALUES (N'CSPT ', 64, N'B', N'Nội dung câu hỏi số 64 trình độ B. Đáp Án C.', N'Đáp án A', N'Đáp án B', N'Đáp án C', N'Đáp án D', N'C', N'GV010001')
--INSERT INTO BoDe VALUES (N'CSPT ', 65, N'B', N'Nội dung câu hỏi số 65 trình độ B. Đáp Án C.', N'Đáp án A', N'Đáp án B', N'Đáp án C', N'Đáp án D', N'C', N'GV010001')
--INSERT INTO BoDe VALUES (N'CSPT ', 66, N'B', N'Nội dung câu hỏi số 66 trình độ B. Đáp Án C.', N'Đáp án A', N'Đáp án B', N'Đáp án C', N'Đáp án D', N'C', N'GV010001')
--INSERT INTO BoDe VALUES (N'CSPT ', 67, N'B', N'Nội dung câu hỏi số 67 trình độ B. Đáp Án C.', N'Đáp án A', N'Đáp án B', N'Đáp án C', N'Đáp án D', N'C', N'GV010001')
--INSERT INTO BoDe VALUES (N'CSPT ', 68, N'B', N'Nội dung câu hỏi số 68 trình độ B. Đáp Án C.', N'Đáp án A', N'Đáp án B', N'Đáp án C', N'Đáp án D', N'C', N'GV010001')
--INSERT INTO BoDe VALUES (N'CSPT ', 69, N'B', N'Nội dung câu hỏi số 69 trình độ B. Đáp Án C.', N'Đáp án A', N'Đáp án B', N'Đáp án C', N'Đáp án D', N'C', N'GV010001')
--INSERT INTO BoDe VALUES (N'CSPT ', 70, N'B', N'Nội dung câu hỏi số 70 trình độ B. Đáp Án C.', N'Đáp án A', N'Đáp án B', N'Đáp án C', N'Đáp án D', N'C', N'GV010001')

--INSERT INTO BoDe VALUES (N'CSPT ', 71, N'B', N'Nội dung câu hỏi số 71 trình độ B. Đáp Án D.', N'Đáp án A', N'Đáp án B', N'Đáp án C', N'Đáp án D', N'D', N'GV010001')
--INSERT INTO BoDe VALUES (N'CSPT ', 72, N'B', N'Nội dung câu hỏi số 72 trình độ B. Đáp Án D.', N'Đáp án A', N'Đáp án B', N'Đáp án C', N'Đáp án D', N'D', N'GV010001')
--INSERT INTO BoDe VALUES (N'CSPT ', 73, N'B', N'Nội dung câu hỏi số 73 trình độ B. Đáp Án D.', N'Đáp án A', N'Đáp án B', N'Đáp án C', N'Đáp án D', N'D', N'GV010001')
--INSERT INTO BoDe VALUES (N'CSPT ', 74, N'B', N'Nội dung câu hỏi số 74 trình độ B. Đáp Án D.', N'Đáp án A', N'Đáp án B', N'Đáp án C', N'Đáp án D', N'D', N'GV010001')
--INSERT INTO BoDe VALUES (N'CSPT ', 75, N'B', N'Nội dung câu hỏi số 75 trình độ B. Đáp Án D.', N'Đáp án A', N'Đáp án B', N'Đáp án C', N'Đáp án D', N'D', N'GV010001')
--INSERT INTO BoDe VALUES (N'CSPT ', 76, N'B', N'Nội dung câu hỏi số 76 trình độ B. Đáp Án D.', N'Đáp án A', N'Đáp án B', N'Đáp án C', N'Đáp án D', N'D', N'GV010001')
--INSERT INTO BoDe VALUES (N'CSPT ', 77, N'B', N'Nội dung câu hỏi số 77 trình độ B. Đáp Án D.', N'Đáp án A', N'Đáp án B', N'Đáp án C', N'Đáp án D', N'D', N'GV010001')
--INSERT INTO BoDe VALUES (N'CSPT ', 78, N'B', N'Nội dung câu hỏi số 78 trình độ B. Đáp Án D.', N'Đáp án A', N'Đáp án B', N'Đáp án C', N'Đáp án D', N'D', N'GV010001')
--INSERT INTO BoDe VALUES (N'CSPT ', 79, N'B', N'Nội dung câu hỏi số 79 trình độ B. Đáp Án D.', N'Đáp án A', N'Đáp án B', N'Đáp án C', N'Đáp án D', N'D', N'GV010001')
--INSERT INTO BoDe VALUES (N'CSPT ', 80, N'B', N'Nội dung câu hỏi số 80 trình độ B. Đáp Án D.', N'Đáp án A', N'Đáp án B', N'Đáp án C', N'Đáp án D', N'D', N'GV010001')
------------------------------------------------------------------------------------------------------------------------------------------------------------CTDL  A
--INSERT INTO BoDe VALUES (N'CTDL ', 81, N'A', N'Nội dung câu hỏi số 81 trình độ A. Đáp Án A.', N'Đáp án A', N'Đáp án B', N'Đáp án C', N'Đáp án D', N'A', N'GV010002')
--INSERT INTO BoDe VALUES (N'CTDL ', 82, N'A', N'Nội dung câu hỏi số 82 trình độ A. Đáp Án A.', N'Đáp án A', N'Đáp án B', N'Đáp án C', N'Đáp án D', N'A', N'GV010002')
--INSERT INTO BoDe VALUES (N'CTDL ', 83, N'A', N'Nội dung câu hỏi số 83 trình độ A. Đáp Án A.', N'Đáp án A', N'Đáp án B', N'Đáp án C', N'Đáp án D', N'A', N'GV010002')
--INSERT INTO BoDe VALUES (N'CTDL ', 84, N'A', N'Nội dung câu hỏi số 84 trình độ A. Đáp Án A.', N'Đáp án A', N'Đáp án B', N'Đáp án C', N'Đáp án D', N'A', N'GV010002')
--INSERT INTO BoDe VALUES (N'CTDL ', 85, N'A', N'Nội dung câu hỏi số 85 trình độ A. Đáp Án A.', N'Đáp án A', N'Đáp án B', N'Đáp án C', N'Đáp án D', N'A', N'GV010002')
--INSERT INTO BoDe VALUES (N'CTDL ', 86, N'A', N'Nội dung câu hỏi số 86 trình độ A. Đáp Án A.', N'Đáp án A', N'Đáp án B', N'Đáp án C', N'Đáp án D', N'A', N'GV010002')
--INSERT INTO BoDe VALUES (N'CTDL ', 87, N'A', N'Nội dung câu hỏi số 87 trình độ A. Đáp Án A.', N'Đáp án A', N'Đáp án B', N'Đáp án C', N'Đáp án D', N'A', N'GV010002')
--INSERT INTO BoDe VALUES (N'CTDL ', 88, N'A', N'Nội dung câu hỏi số 88 trình độ A. Đáp Án A.', N'Đáp án A', N'Đáp án B', N'Đáp án C', N'Đáp án D', N'A', N'GV010002')
--INSERT INTO BoDe VALUES (N'CTDL ', 89, N'A', N'Nội dung câu hỏi số 89 trình độ A. Đáp Án A.', N'Đáp án A', N'Đáp án B', N'Đáp án C', N'Đáp án D', N'A', N'GV010002')
--INSERT INTO BoDe VALUES (N'CTDL ', 90, N'A', N'Nội dung câu hỏi số 90 trình độ A. Đáp Án A.', N'Đáp án A', N'Đáp án B', N'Đáp án C', N'Đáp án D', N'A', N'GV010002')

--INSERT INTO BoDe VALUES (N'CTDL ', 91, N'A', N'Nội dung câu hỏi số 91 trình độ A. Đáp Án B.', N'Đáp án A', N'Đáp án B', N'Đáp án C', N'Đáp án D', N'B', N'GV010002')
--INSERT INTO BoDe VALUES (N'CTDL ', 92, N'A', N'Nội dung câu hỏi số 92 trình độ A. Đáp Án B.', N'Đáp án A', N'Đáp án B', N'Đáp án C', N'Đáp án D', N'B', N'GV010002')
--INSERT INTO BoDe VALUES (N'CTDL ', 93, N'A', N'Nội dung câu hỏi số 93 trình độ A. Đáp Án B.', N'Đáp án A', N'Đáp án B', N'Đáp án C', N'Đáp án D', N'B', N'GV010002')
--INSERT INTO BoDe VALUES (N'CTDL ', 94, N'A', N'Nội dung câu hỏi số 94 trình độ A. Đáp Án B.', N'Đáp án A', N'Đáp án B', N'Đáp án C', N'Đáp án D', N'B', N'GV010002')
--INSERT INTO BoDe VALUES (N'CTDL ', 95, N'A', N'Nội dung câu hỏi số 95 trình độ A. Đáp Án B.', N'Đáp án A', N'Đáp án B', N'Đáp án C', N'Đáp án D', N'B', N'GV010002')
--INSERT INTO BoDe VALUES (N'CTDL ', 96, N'A', N'Nội dung câu hỏi số 96 trình độ A. Đáp Án B.', N'Đáp án A', N'Đáp án B', N'Đáp án C', N'Đáp án D', N'B', N'GV010002')
--INSERT INTO BoDe VALUES (N'CTDL ', 97, N'A', N'Nội dung câu hỏi số 97 trình độ A. Đáp Án B.', N'Đáp án A', N'Đáp án B', N'Đáp án C', N'Đáp án D', N'B', N'GV010002')
--INSERT INTO BoDe VALUES (N'CTDL ', 98, N'A', N'Nội dung câu hỏi số 98 trình độ A. Đáp Án B.', N'Đáp án A', N'Đáp án B', N'Đáp án C', N'Đáp án D', N'B', N'GV010002')
--INSERT INTO BoDe VALUES (N'CTDL ', 99, N'A', N'Nội dung câu hỏi số 99 trình độ A. Đáp Án B.', N'Đáp án A', N'Đáp án B', N'Đáp án C', N'Đáp án D', N'B', N'GV010002')
--INSERT INTO BoDe VALUES (N'CTDL ', 100, N'A', N'Nội dung câu hỏi số 100 trình độ A. Đáp Án B.', N'Đáp án A', N'Đáp án B', N'Đáp án C', N'Đáp án D', N'B', N'GV010002')

--INSERT INTO BoDe VALUES (N'CTDL ', 101, N'A', N'Nội dung câu hỏi số 101 trình độ A. Đáp Án C.', N'Đáp án A', N'Đáp án B', N'Đáp án C', N'Đáp án D', N'C', N'GV010002')
--INSERT INTO BoDe VALUES (N'CTDL ', 102, N'A', N'Nội dung câu hỏi số 102 trình độ A. Đáp Án C.', N'Đáp án A', N'Đáp án B', N'Đáp án C', N'Đáp án D', N'C', N'GV010002')
--INSERT INTO BoDe VALUES (N'CTDL ', 103, N'A', N'Nội dung câu hỏi số 103 trình độ A. Đáp Án C.', N'Đáp án A', N'Đáp án B', N'Đáp án C', N'Đáp án D', N'C', N'GV010002')
--INSERT INTO BoDe VALUES (N'CTDL ', 104, N'A', N'Nội dung câu hỏi số 104 trình độ A. Đáp Án C.', N'Đáp án A', N'Đáp án B', N'Đáp án C', N'Đáp án D', N'C', N'GV010002')
--INSERT INTO BoDe VALUES (N'CTDL ', 105, N'A', N'Nội dung câu hỏi số 105 trình độ A. Đáp Án C.', N'Đáp án A', N'Đáp án B', N'Đáp án C', N'Đáp án D', N'C', N'GV010002')
--INSERT INTO BoDe VALUES (N'CTDL ', 106, N'A', N'Nội dung câu hỏi số 106 trình độ A. Đáp Án C.', N'Đáp án A', N'Đáp án B', N'Đáp án C', N'Đáp án D', N'C', N'GV010002')
--INSERT INTO BoDe VALUES (N'CTDL ', 107, N'A', N'Nội dung câu hỏi số 107 trình độ A. Đáp Án C.', N'Đáp án A', N'Đáp án B', N'Đáp án C', N'Đáp án D', N'C', N'GV010002')
--INSERT INTO BoDe VALUES (N'CTDL ', 108, N'A', N'Nội dung câu hỏi số 108 trình độ A. Đáp Án C.', N'Đáp án A', N'Đáp án B', N'Đáp án C', N'Đáp án D', N'C', N'GV010002')
--INSERT INTO BoDe VALUES (N'CTDL ', 109, N'A', N'Nội dung câu hỏi số 109 trình độ A. Đáp Án C.', N'Đáp án A', N'Đáp án B', N'Đáp án C', N'Đáp án D', N'C', N'GV010002')
--INSERT INTO BoDe VALUES (N'CTDL ', 110, N'A', N'Nội dung câu hỏi số 110 trình độ A. Đáp Án C.', N'Đáp án A', N'Đáp án B', N'Đáp án C', N'Đáp án D', N'C', N'GV010002')

--INSERT INTO BoDe VALUES (N'CTDL ', 111, N'A', N'Nội dung câu hỏi số 111 trình độ B. Đáp Án D.', N'Đáp án A', N'Đáp án B', N'Đáp án C', N'Đáp án D', N'D', N'GV010002')
--INSERT INTO BoDe VALUES (N'CTDL ', 112, N'A', N'Nội dung câu hỏi số 112 trình độ B. Đáp Án D.', N'Đáp án A', N'Đáp án B', N'Đáp án C', N'Đáp án D', N'D', N'GV010002')
--INSERT INTO BoDe VALUES (N'CTDL ', 113, N'A', N'Nội dung câu hỏi số 113 trình độ B. Đáp Án D.', N'Đáp án A', N'Đáp án B', N'Đáp án C', N'Đáp án D', N'D', N'GV010002')
--INSERT INTO BoDe VALUES (N'CTDL ', 114, N'A', N'Nội dung câu hỏi số 114 trình độ B. Đáp Án D.', N'Đáp án A', N'Đáp án B', N'Đáp án C', N'Đáp án D', N'D', N'GV010002')
--INSERT INTO BoDe VALUES (N'CTDL ', 115, N'A', N'Nội dung câu hỏi số 115 trình độ B. Đáp Án D.', N'Đáp án A', N'Đáp án B', N'Đáp án C', N'Đáp án D', N'D', N'GV010002')
--INSERT INTO BoDe VALUES (N'CTDL ', 116, N'A', N'Nội dung câu hỏi số 116 trình độ B. Đáp Án D.', N'Đáp án A', N'Đáp án B', N'Đáp án C', N'Đáp án D', N'D', N'GV010002')
--INSERT INTO BoDe VALUES (N'CTDL ', 117, N'A', N'Nội dung câu hỏi số 117 trình độ B. Đáp Án D.', N'Đáp án A', N'Đáp án B', N'Đáp án C', N'Đáp án D', N'D', N'GV010002')
--INSERT INTO BoDe VALUES (N'CTDL ', 118, N'A', N'Nội dung câu hỏi số 118 trình độ B. Đáp Án D.', N'Đáp án A', N'Đáp án B', N'Đáp án C', N'Đáp án D', N'D', N'GV010002')
--INSERT INTO BoDe VALUES (N'CTDL ', 119, N'A', N'Nội dung câu hỏi số 119 trình độ B. Đáp Án D.', N'Đáp án A', N'Đáp án B', N'Đáp án C', N'Đáp án D', N'D', N'GV010002')
--INSERT INTO BoDe VALUES (N'CTDL ', 120, N'A', N'Nội dung câu hỏi số 120 trình độ B. Đáp Án D.', N'Đáp án A', N'Đáp án B', N'Đáp án C', N'Đáp án D', N'D', N'GV010002')
------------------------------------------------------------------------------------------------------------------------------------------------------------CTDL  C
--INSERT INTO BoDe VALUES (N'CTDL ', 121, N'C', N'Nội dung câu hỏi số 121 trình độ C. Đáp Án A.', N'Đáp án A', N'Đáp án B', N'Đáp án C', N'Đáp án D', N'A', N'GV010002')
--INSERT INTO BoDe VALUES (N'CTDL ', 122, N'C', N'Nội dung câu hỏi số 122 trình độ C. Đáp Án A.', N'Đáp án A', N'Đáp án B', N'Đáp án C', N'Đáp án D', N'A', N'GV010002')
--INSERT INTO BoDe VALUES (N'CTDL ', 123, N'C', N'Nội dung câu hỏi số 123 trình độ C. Đáp Án A.', N'Đáp án A', N'Đáp án B', N'Đáp án C', N'Đáp án D', N'A', N'GV010002')
--INSERT INTO BoDe VALUES (N'CTDL ', 124, N'C', N'Nội dung câu hỏi số 124 trình độ C. Đáp Án A.', N'Đáp án A', N'Đáp án B', N'Đáp án C', N'Đáp án D', N'A', N'GV010002')
--INSERT INTO BoDe VALUES (N'CTDL ', 125, N'C', N'Nội dung câu hỏi số 125 trình độ C. Đáp Án A.', N'Đáp án A', N'Đáp án B', N'Đáp án C', N'Đáp án D', N'A', N'GV010002')
--INSERT INTO BoDe VALUES (N'CTDL ', 126, N'C', N'Nội dung câu hỏi số 126 trình độ C. Đáp Án A.', N'Đáp án A', N'Đáp án B', N'Đáp án C', N'Đáp án D', N'A', N'GV010002')
--INSERT INTO BoDe VALUES (N'CTDL ', 127, N'C', N'Nội dung câu hỏi số 127 trình độ C. Đáp Án A.', N'Đáp án A', N'Đáp án B', N'Đáp án C', N'Đáp án D', N'A', N'GV010002')
--INSERT INTO BoDe VALUES (N'CTDL ', 128, N'C', N'Nội dung câu hỏi số 128 trình độ C. Đáp Án A.', N'Đáp án A', N'Đáp án B', N'Đáp án C', N'Đáp án D', N'A', N'GV010002')
--INSERT INTO BoDe VALUES (N'CTDL ', 129, N'C', N'Nội dung câu hỏi số 129 trình độ C. Đáp Án A.', N'Đáp án A', N'Đáp án B', N'Đáp án C', N'Đáp án D', N'A', N'GV010002')
--INSERT INTO BoDe VALUES (N'CTDL ', 130, N'C', N'Nội dung câu hỏi số 130 trình độ C. Đáp Án A.', N'Đáp án A', N'Đáp án B', N'Đáp án C', N'Đáp án D', N'A', N'GV010002')

--INSERT INTO BoDe VALUES (N'CTDL ', 131, N'C', N'Nội dung câu hỏi số 131 trình độ C. Đáp Án B.', N'Đáp án A', N'Đáp án B', N'Đáp án C', N'Đáp án D', N'B', N'GV010002')
--INSERT INTO BoDe VALUES (N'CTDL ', 132, N'C', N'Nội dung câu hỏi số 132 trình độ C. Đáp Án B.', N'Đáp án A', N'Đáp án B', N'Đáp án C', N'Đáp án D', N'B', N'GV010002')
--INSERT INTO BoDe VALUES (N'CTDL ', 133, N'C', N'Nội dung câu hỏi số 133 trình độ C. Đáp Án B.', N'Đáp án A', N'Đáp án B', N'Đáp án C', N'Đáp án D', N'B', N'GV010002')
--INSERT INTO BoDe VALUES (N'CTDL ', 134, N'C', N'Nội dung câu hỏi số 134 trình độ C. Đáp Án B.', N'Đáp án A', N'Đáp án B', N'Đáp án C', N'Đáp án D', N'B', N'GV010002')
--INSERT INTO BoDe VALUES (N'CTDL ', 135, N'C', N'Nội dung câu hỏi số 135 trình độ C. Đáp Án B.', N'Đáp án A', N'Đáp án B', N'Đáp án C', N'Đáp án D', N'B', N'GV010002')
--INSERT INTO BoDe VALUES (N'CTDL ', 136, N'C', N'Nội dung câu hỏi số 136 trình độ C. Đáp Án B.', N'Đáp án A', N'Đáp án B', N'Đáp án C', N'Đáp án D', N'B', N'GV010002')
--INSERT INTO BoDe VALUES (N'CTDL ', 137, N'C', N'Nội dung câu hỏi số 137 trình độ C. Đáp Án B.', N'Đáp án A', N'Đáp án B', N'Đáp án C', N'Đáp án D', N'B', N'GV010002')
--INSERT INTO BoDe VALUES (N'CTDL ', 138, N'C', N'Nội dung câu hỏi số 138 trình độ C. Đáp Án B.', N'Đáp án A', N'Đáp án B', N'Đáp án C', N'Đáp án D', N'B', N'GV010002')
--INSERT INTO BoDe VALUES (N'CTDL ', 139, N'C', N'Nội dung câu hỏi số 139 trình độ C. Đáp Án B.', N'Đáp án A', N'Đáp án B', N'Đáp án C', N'Đáp án D', N'B', N'GV010002')
--INSERT INTO BoDe VALUES (N'CTDL ', 140, N'C', N'Nội dung câu hỏi số 140 trình độ C. Đáp Án B.', N'Đáp án A', N'Đáp án B', N'Đáp án C', N'Đáp án D', N'B', N'GV010002')

--INSERT INTO BoDe VALUES (N'CTDL ', 141, N'C', N'Nội dung câu hỏi số 141 trình độ C. Đáp Án C.', N'Đáp án A', N'Đáp án B', N'Đáp án C', N'Đáp án D', N'C', N'GV010002')
--INSERT INTO BoDe VALUES (N'CTDL ', 142, N'C', N'Nội dung câu hỏi số 142 trình độ C. Đáp Án C.', N'Đáp án A', N'Đáp án B', N'Đáp án C', N'Đáp án D', N'C', N'GV010002')
--INSERT INTO BoDe VALUES (N'CTDL ', 143, N'C', N'Nội dung câu hỏi số 143 trình độ C. Đáp Án C.', N'Đáp án A', N'Đáp án B', N'Đáp án C', N'Đáp án D', N'C', N'GV010002')
--INSERT INTO BoDe VALUES (N'CTDL ', 144, N'C', N'Nội dung câu hỏi số 144 trình độ C. Đáp Án C.', N'Đáp án A', N'Đáp án B', N'Đáp án C', N'Đáp án D', N'C', N'GV010002')
--INSERT INTO BoDe VALUES (N'CTDL ', 145, N'C', N'Nội dung câu hỏi số 145 trình độ C. Đáp Án C.', N'Đáp án A', N'Đáp án B', N'Đáp án C', N'Đáp án D', N'C', N'GV010002')
--INSERT INTO BoDe VALUES (N'CTDL ', 146, N'C', N'Nội dung câu hỏi số 146 trình độ C. Đáp Án C.', N'Đáp án A', N'Đáp án B', N'Đáp án C', N'Đáp án D', N'C', N'GV010002')
--INSERT INTO BoDe VALUES (N'CTDL ', 147, N'C', N'Nội dung câu hỏi số 147 trình độ C. Đáp Án C.', N'Đáp án A', N'Đáp án B', N'Đáp án C', N'Đáp án D', N'C', N'GV010002')
--INSERT INTO BoDe VALUES (N'CTDL ', 148, N'C', N'Nội dung câu hỏi số 148 trình độ C. Đáp Án C.', N'Đáp án A', N'Đáp án B', N'Đáp án C', N'Đáp án D', N'C', N'GV010002')
--INSERT INTO BoDe VALUES (N'CTDL ', 149, N'C', N'Nội dung câu hỏi số 149 trình độ C. Đáp Án C.', N'Đáp án A', N'Đáp án B', N'Đáp án C', N'Đáp án D', N'C', N'GV010002')
--INSERT INTO BoDe VALUES (N'CTDL ', 150, N'C', N'Nội dung câu hỏi số 150 trình độ C. Đáp Án C.', N'Đáp án A', N'Đáp án B', N'Đáp án C', N'Đáp án D', N'C', N'GV010002')

--INSERT INTO BoDe VALUES (N'CTDL ', 151, N'C', N'Nội dung câu hỏi số 151 trình độ C. Đáp Án D.', N'Đáp án A', N'Đáp án B', N'Đáp án C', N'Đáp án D', N'D', N'GV010002')
--INSERT INTO BoDe VALUES (N'CTDL ', 152, N'C', N'Nội dung câu hỏi số 152 trình độ C. Đáp Án D.', N'Đáp án A', N'Đáp án B', N'Đáp án C', N'Đáp án D', N'D', N'GV010002')
--INSERT INTO BoDe VALUES (N'CTDL ', 153, N'C', N'Nội dung câu hỏi số 153 trình độ C. Đáp Án D.', N'Đáp án A', N'Đáp án B', N'Đáp án C', N'Đáp án D', N'D', N'GV010002')
--INSERT INTO BoDe VALUES (N'CTDL ', 154, N'C', N'Nội dung câu hỏi số 154 trình độ C. Đáp Án D.', N'Đáp án A', N'Đáp án B', N'Đáp án C', N'Đáp án D', N'D', N'GV010002')
--INSERT INTO BoDe VALUES (N'CTDL ', 155, N'C', N'Nội dung câu hỏi số 155 trình độ C. Đáp Án D.', N'Đáp án A', N'Đáp án B', N'Đáp án C', N'Đáp án D', N'D', N'GV010002')
--INSERT INTO BoDe VALUES (N'CTDL ', 156, N'C', N'Nội dung câu hỏi số 156 trình độ C. Đáp Án D.', N'Đáp án A', N'Đáp án B', N'Đáp án C', N'Đáp án D', N'D', N'GV010002')
--INSERT INTO BoDe VALUES (N'CTDL ', 157, N'C', N'Nội dung câu hỏi số 157 trình độ C. Đáp Án D.', N'Đáp án A', N'Đáp án B', N'Đáp án C', N'Đáp án D', N'D', N'GV010002')
--INSERT INTO BoDe VALUES (N'CTDL ', 158, N'C', N'Nội dung câu hỏi số 158 trình độ C. Đáp Án D.', N'Đáp án A', N'Đáp án B', N'Đáp án C', N'Đáp án D', N'D', N'GV010002')
--INSERT INTO BoDe VALUES (N'CTDL ', 159, N'C', N'Nội dung câu hỏi số 159 trình độ C. Đáp Án D.', N'Đáp án A', N'Đáp án B', N'Đáp án C', N'Đáp án D', N'D', N'GV010002')
--INSERT INTO BoDe VALUES (N'CTDL ', 160, N'C', N'Nội dung câu hỏi số 160 trình độ C. Đáp Án D.', N'Đáp án A', N'Đáp án B', N'Đáp án C', N'Đáp án D', N'D', N'GV010002')
------------------------------------------------------------------------------------------------------------------------------------------------------------TNHD  A
--INSERT INTO BoDe VALUES (N'TNHD ', 161, N'A', N'Nội dung câu hỏi số 161 trình độ A. Đáp Án A.', N'Đáp án A', N'Đáp án B', N'Đáp án C', N'Đáp án D', N'A', N'GV020001')
--INSERT INTO BoDe VALUES (N'TNHD ', 162, N'A', N'Nội dung câu hỏi số 162 trình độ A. Đáp Án A.', N'Đáp án A', N'Đáp án B', N'Đáp án C', N'Đáp án D', N'A', N'GV020001')
--INSERT INTO BoDe VALUES (N'TNHD ', 163, N'A', N'Nội dung câu hỏi số 163 trình độ A. Đáp Án A.', N'Đáp án A', N'Đáp án B', N'Đáp án C', N'Đáp án D', N'A', N'GV020001')
--INSERT INTO BoDe VALUES (N'TNHD ', 164, N'A', N'Nội dung câu hỏi số 164 trình độ A. Đáp Án A.', N'Đáp án A', N'Đáp án B', N'Đáp án C', N'Đáp án D', N'A', N'GV020001')
--INSERT INTO BoDe VALUES (N'TNHD ', 165, N'A', N'Nội dung câu hỏi số 165 trình độ A. Đáp Án A.', N'Đáp án A', N'Đáp án B', N'Đáp án C', N'Đáp án D', N'A', N'GV020001')
--INSERT INTO BoDe VALUES (N'TNHD ', 166, N'A', N'Nội dung câu hỏi số 166 trình độ A. Đáp Án A.', N'Đáp án A', N'Đáp án B', N'Đáp án C', N'Đáp án D', N'A', N'GV020001')
--INSERT INTO BoDe VALUES (N'TNHD ', 167, N'A', N'Nội dung câu hỏi số 167 trình độ A. Đáp Án A.', N'Đáp án A', N'Đáp án B', N'Đáp án C', N'Đáp án D', N'A', N'GV020001')
--INSERT INTO BoDe VALUES (N'TNHD ', 168, N'A', N'Nội dung câu hỏi số 168 trình độ A. Đáp Án A.', N'Đáp án A', N'Đáp án B', N'Đáp án C', N'Đáp án D', N'A', N'GV020001')
--INSERT INTO BoDe VALUES (N'TNHD ', 169, N'A', N'Nội dung câu hỏi số 169 trình độ A. Đáp Án A.', N'Đáp án A', N'Đáp án B', N'Đáp án C', N'Đáp án D', N'A', N'GV020001')
--INSERT INTO BoDe VALUES (N'TNHD ', 170, N'A', N'Nội dung câu hỏi số 170 trình độ A. Đáp Án A.', N'Đáp án A', N'Đáp án B', N'Đáp án C', N'Đáp án D', N'A', N'GV020001')

--INSERT INTO BoDe VALUES (N'TNHD ', 171, N'A', N'Nội dung câu hỏi số 171 trình độ A. Đáp Án B.', N'Đáp án A', N'Đáp án B', N'Đáp án C', N'Đáp án D', N'B', N'GV020001')
--INSERT INTO BoDe VALUES (N'TNHD ', 172, N'A', N'Nội dung câu hỏi số 172 trình độ A. Đáp Án B.', N'Đáp án A', N'Đáp án B', N'Đáp án C', N'Đáp án D', N'B', N'GV020001')
--INSERT INTO BoDe VALUES (N'TNHD ', 173, N'A', N'Nội dung câu hỏi số 173 trình độ A. Đáp Án B.', N'Đáp án A', N'Đáp án B', N'Đáp án C', N'Đáp án D', N'B', N'GV020001')
--INSERT INTO BoDe VALUES (N'TNHD ', 174, N'A', N'Nội dung câu hỏi số 174 trình độ A. Đáp Án B.', N'Đáp án A', N'Đáp án B', N'Đáp án C', N'Đáp án D', N'B', N'GV020001')
--INSERT INTO BoDe VALUES (N'TNHD ', 175, N'A', N'Nội dung câu hỏi số 175 trình độ A. Đáp Án B.', N'Đáp án A', N'Đáp án B', N'Đáp án C', N'Đáp án D', N'B', N'GV020001')
--INSERT INTO BoDe VALUES (N'TNHD ', 176, N'A', N'Nội dung câu hỏi số 176 trình độ A. Đáp Án B.', N'Đáp án A', N'Đáp án B', N'Đáp án C', N'Đáp án D', N'B', N'GV020001')
--INSERT INTO BoDe VALUES (N'TNHD ', 177, N'A', N'Nội dung câu hỏi số 177 trình độ A. Đáp Án B.', N'Đáp án A', N'Đáp án B', N'Đáp án C', N'Đáp án D', N'B', N'GV020001')
--INSERT INTO BoDe VALUES (N'TNHD ', 178, N'A', N'Nội dung câu hỏi số 178 trình độ A. Đáp Án B.', N'Đáp án A', N'Đáp án B', N'Đáp án C', N'Đáp án D', N'B', N'GV020001')
--INSERT INTO BoDe VALUES (N'TNHD ', 179, N'A', N'Nội dung câu hỏi số 179 trình độ A. Đáp Án B.', N'Đáp án A', N'Đáp án B', N'Đáp án C', N'Đáp án D', N'B', N'GV020001')
--INSERT INTO BoDe VALUES (N'TNHD ', 180, N'A', N'Nội dung câu hỏi số 180 trình độ A. Đáp Án B.', N'Đáp án A', N'Đáp án B', N'Đáp án C', N'Đáp án D', N'B', N'GV020001')

--INSERT INTO BoDe VALUES (N'TNHD ', 181, N'A', N'Nội dung câu hỏi số 181 trình độ A. Đáp Án C.', N'Đáp án A', N'Đáp án B', N'Đáp án C', N'Đáp án D', N'C', N'GV020001')
--INSERT INTO BoDe VALUES (N'TNHD ', 182, N'A', N'Nội dung câu hỏi số 182 trình độ A. Đáp Án C.', N'Đáp án A', N'Đáp án B', N'Đáp án C', N'Đáp án D', N'C', N'GV020001')
--INSERT INTO BoDe VALUES (N'TNHD ', 183, N'A', N'Nội dung câu hỏi số 183 trình độ A. Đáp Án C.', N'Đáp án A', N'Đáp án B', N'Đáp án C', N'Đáp án D', N'C', N'GV020001')
--INSERT INTO BoDe VALUES (N'TNHD ', 184, N'A', N'Nội dung câu hỏi số 184 trình độ A. Đáp Án C.', N'Đáp án A', N'Đáp án B', N'Đáp án C', N'Đáp án D', N'C', N'GV020001')
--INSERT INTO BoDe VALUES (N'TNHD ', 185, N'A', N'Nội dung câu hỏi số 185 trình độ A. Đáp Án C.', N'Đáp án A', N'Đáp án B', N'Đáp án C', N'Đáp án D', N'C', N'GV020001')
--INSERT INTO BoDe VALUES (N'TNHD ', 186, N'A', N'Nội dung câu hỏi số 186 trình độ A. Đáp Án C.', N'Đáp án A', N'Đáp án B', N'Đáp án C', N'Đáp án D', N'C', N'GV020001')
--INSERT INTO BoDe VALUES (N'TNHD ', 187, N'A', N'Nội dung câu hỏi số 187 trình độ A. Đáp Án C.', N'Đáp án A', N'Đáp án B', N'Đáp án C', N'Đáp án D', N'C', N'GV020001')
--INSERT INTO BoDe VALUES (N'TNHD ', 188, N'A', N'Nội dung câu hỏi số 188 trình độ A. Đáp Án C.', N'Đáp án A', N'Đáp án B', N'Đáp án C', N'Đáp án D', N'C', N'GV020001')
--INSERT INTO BoDe VALUES (N'TNHD ', 189, N'A', N'Nội dung câu hỏi số 189 trình độ A. Đáp Án C.', N'Đáp án A', N'Đáp án B', N'Đáp án C', N'Đáp án D', N'C', N'GV020001')
--INSERT INTO BoDe VALUES (N'TNHD ', 190, N'A', N'Nội dung câu hỏi số 190 trình độ A. Đáp Án C.', N'Đáp án A', N'Đáp án B', N'Đáp án C', N'Đáp án D', N'C', N'GV020001')

--INSERT INTO BoDe VALUES (N'TNHD ', 191, N'A', N'Nội dung câu hỏi số 191 trình độ A. Đáp Án D.', N'Đáp án A', N'Đáp án B', N'Đáp án C', N'Đáp án D', N'D', N'GV020001')
--INSERT INTO BoDe VALUES (N'TNHD ', 192, N'A', N'Nội dung câu hỏi số 192 trình độ A. Đáp Án D.', N'Đáp án A', N'Đáp án B', N'Đáp án C', N'Đáp án D', N'D', N'GV020001')
--INSERT INTO BoDe VALUES (N'TNHD ', 193, N'A', N'Nội dung câu hỏi số 193 trình độ A. Đáp Án D.', N'Đáp án A', N'Đáp án B', N'Đáp án C', N'Đáp án D', N'D', N'GV020001')
--INSERT INTO BoDe VALUES (N'TNHD ', 194, N'A', N'Nội dung câu hỏi số 194 trình độ A. Đáp Án D.', N'Đáp án A', N'Đáp án B', N'Đáp án C', N'Đáp án D', N'D', N'GV020001')
--INSERT INTO BoDe VALUES (N'TNHD ', 195, N'A', N'Nội dung câu hỏi số 195 trình độ A. Đáp Án D.', N'Đáp án A', N'Đáp án B', N'Đáp án C', N'Đáp án D', N'D', N'GV020001')
--INSERT INTO BoDe VALUES (N'TNHD ', 196, N'A', N'Nội dung câu hỏi số 196 trình độ A. Đáp Án D.', N'Đáp án A', N'Đáp án B', N'Đáp án C', N'Đáp án D', N'D', N'GV020001')
--INSERT INTO BoDe VALUES (N'TNHD ', 197, N'A', N'Nội dung câu hỏi số 197 trình độ A. Đáp Án D.', N'Đáp án A', N'Đáp án B', N'Đáp án C', N'Đáp án D', N'D', N'GV020001')
--INSERT INTO BoDe VALUES (N'TNHD ', 198, N'A', N'Nội dung câu hỏi số 198 trình độ A. Đáp Án D.', N'Đáp án A', N'Đáp án B', N'Đáp án C', N'Đáp án D', N'D', N'GV020001')
--INSERT INTO BoDe VALUES (N'TNHD ', 199, N'A', N'Nội dung câu hỏi số 199 trình độ A. Đáp Án D.', N'Đáp án A', N'Đáp án B', N'Đáp án C', N'Đáp án D', N'D', N'GV020001')
--INSERT INTO BoDe VALUES (N'TNHD ', 200, N'A', N'Nội dung câu hỏi số 200 trình độ A. Đáp Án D.', N'Đáp án A', N'Đáp án B', N'Đáp án C', N'Đáp án D', N'D', N'GV020001')
------------------------------------------------------------------------------------------------------------------------------------------------------------TNHD  B
--INSERT INTO BoDe VALUES (N'TNHD ', 201, N'B', N'Nội dung câu hỏi số 201 trình độ B. Đáp Án A.', N'Đáp án A', N'Đáp án B', N'Đáp án C', N'Đáp án D', N'A', N'GV020001')
--INSERT INTO BoDe VALUES (N'TNHD ', 202, N'B', N'Nội dung câu hỏi số 202 trình độ B. Đáp Án A.', N'Đáp án A', N'Đáp án B', N'Đáp án C', N'Đáp án D', N'A', N'GV020001')
--INSERT INTO BoDe VALUES (N'TNHD ', 203, N'B', N'Nội dung câu hỏi số 203 trình độ B. Đáp Án A.', N'Đáp án A', N'Đáp án B', N'Đáp án C', N'Đáp án D', N'A', N'GV020001')
--INSERT INTO BoDe VALUES (N'TNHD ', 204, N'B', N'Nội dung câu hỏi số 204 trình độ B. Đáp Án A.', N'Đáp án A', N'Đáp án B', N'Đáp án C', N'Đáp án D', N'A', N'GV020001')
--INSERT INTO BoDe VALUES (N'TNHD ', 205, N'B', N'Nội dung câu hỏi số 205 trình độ B. Đáp Án A.', N'Đáp án A', N'Đáp án B', N'Đáp án C', N'Đáp án D', N'A', N'GV020001')
--INSERT INTO BoDe VALUES (N'TNHD ', 206, N'B', N'Nội dung câu hỏi số 206 trình độ B. Đáp Án A.', N'Đáp án A', N'Đáp án B', N'Đáp án C', N'Đáp án D', N'A', N'GV020001')
--INSERT INTO BoDe VALUES (N'TNHD ', 207, N'B', N'Nội dung câu hỏi số 207 trình độ B. Đáp Án A.', N'Đáp án A', N'Đáp án B', N'Đáp án C', N'Đáp án D', N'A', N'GV020001')
--INSERT INTO BoDe VALUES (N'TNHD ', 208, N'B', N'Nội dung câu hỏi số 208 trình độ B. Đáp Án A.', N'Đáp án A', N'Đáp án B', N'Đáp án C', N'Đáp án D', N'A', N'GV020001')
--INSERT INTO BoDe VALUES (N'TNHD ', 209, N'B', N'Nội dung câu hỏi số 209 trình độ B. Đáp Án A.', N'Đáp án A', N'Đáp án B', N'Đáp án C', N'Đáp án D', N'A', N'GV020001')
--INSERT INTO BoDe VALUES (N'TNHD ', 210, N'B', N'Nội dung câu hỏi số 210 trình độ B. Đáp Án A.', N'Đáp án A', N'Đáp án B', N'Đáp án C', N'Đáp án D', N'A', N'GV020001')

--INSERT INTO BoDe VALUES (N'TNHD ', 211, N'B', N'Nội dung câu hỏi số 211 trình độ B. Đáp Án B.', N'Đáp án A', N'Đáp án B', N'Đáp án C', N'Đáp án D', N'B', N'GV020001')
--INSERT INTO BoDe VALUES (N'TNHD ', 212, N'B', N'Nội dung câu hỏi số 212 trình độ B. Đáp Án B.', N'Đáp án A', N'Đáp án B', N'Đáp án C', N'Đáp án D', N'B', N'GV020001')
--INSERT INTO BoDe VALUES (N'TNHD ', 213, N'B', N'Nội dung câu hỏi số 213 trình độ B. Đáp Án B.', N'Đáp án A', N'Đáp án B', N'Đáp án C', N'Đáp án D', N'B', N'GV020001')
--INSERT INTO BoDe VALUES (N'TNHD ', 214, N'B', N'Nội dung câu hỏi số 214 trình độ B. Đáp Án B.', N'Đáp án A', N'Đáp án B', N'Đáp án C', N'Đáp án D', N'B', N'GV020001')
--INSERT INTO BoDe VALUES (N'TNHD ', 215, N'B', N'Nội dung câu hỏi số 215 trình độ B. Đáp Án B.', N'Đáp án A', N'Đáp án B', N'Đáp án C', N'Đáp án D', N'B', N'GV020001')
--INSERT INTO BoDe VALUES (N'TNHD ', 216, N'B', N'Nội dung câu hỏi số 216 trình độ B. Đáp Án B.', N'Đáp án A', N'Đáp án B', N'Đáp án C', N'Đáp án D', N'B', N'GV020001')
--INSERT INTO BoDe VALUES (N'TNHD ', 217, N'B', N'Nội dung câu hỏi số 217 trình độ B. Đáp Án B.', N'Đáp án A', N'Đáp án B', N'Đáp án C', N'Đáp án D', N'B', N'GV020001')
--INSERT INTO BoDe VALUES (N'TNHD ', 218, N'B', N'Nội dung câu hỏi số 218 trình độ B. Đáp Án B.', N'Đáp án A', N'Đáp án B', N'Đáp án C', N'Đáp án D', N'B', N'GV020001')
--INSERT INTO BoDe VALUES (N'TNHD ', 219, N'B', N'Nội dung câu hỏi số 219 trình độ B. Đáp Án B.', N'Đáp án A', N'Đáp án B', N'Đáp án C', N'Đáp án D', N'B', N'GV020001')
--INSERT INTO BoDe VALUES (N'TNHD ', 220, N'B', N'Nội dung câu hỏi số 220 trình độ B. Đáp Án B.', N'Đáp án A', N'Đáp án B', N'Đáp án C', N'Đáp án D', N'B', N'GV020001')

--INSERT INTO BoDe VALUES (N'TNHD ', 221, N'B', N'Nội dung câu hỏi số 221 trình độ B. Đáp Án C.', N'Đáp án A', N'Đáp án B', N'Đáp án C', N'Đáp án D', N'C', N'GV020001')
--INSERT INTO BoDe VALUES (N'TNHD ', 222, N'B', N'Nội dung câu hỏi số 222 trình độ B. Đáp Án C.', N'Đáp án A', N'Đáp án B', N'Đáp án C', N'Đáp án D', N'C', N'GV020001')
--INSERT INTO BoDe VALUES (N'TNHD ', 223, N'B', N'Nội dung câu hỏi số 223 trình độ B. Đáp Án C.', N'Đáp án A', N'Đáp án B', N'Đáp án C', N'Đáp án D', N'C', N'GV020001')
--INSERT INTO BoDe VALUES (N'TNHD ', 224, N'B', N'Nội dung câu hỏi số 224 trình độ B. Đáp Án C.', N'Đáp án A', N'Đáp án B', N'Đáp án C', N'Đáp án D', N'C', N'GV020001')
--INSERT INTO BoDe VALUES (N'TNHD ', 225, N'B', N'Nội dung câu hỏi số 225 trình độ B. Đáp Án C.', N'Đáp án A', N'Đáp án B', N'Đáp án C', N'Đáp án D', N'C', N'GV020001')
--INSERT INTO BoDe VALUES (N'TNHD ', 226, N'B', N'Nội dung câu hỏi số 226 trình độ B. Đáp Án C.', N'Đáp án A', N'Đáp án B', N'Đáp án C', N'Đáp án D', N'C', N'GV020001')
--INSERT INTO BoDe VALUES (N'TNHD ', 227, N'B', N'Nội dung câu hỏi số 227 trình độ B. Đáp Án C.', N'Đáp án A', N'Đáp án B', N'Đáp án C', N'Đáp án D', N'C', N'GV020001')
--INSERT INTO BoDe VALUES (N'TNHD ', 228, N'B', N'Nội dung câu hỏi số 228 trình độ B. Đáp Án C.', N'Đáp án A', N'Đáp án B', N'Đáp án C', N'Đáp án D', N'C', N'GV020001')
--INSERT INTO BoDe VALUES (N'TNHD ', 229, N'B', N'Nội dung câu hỏi số 229 trình độ B. Đáp Án C.', N'Đáp án A', N'Đáp án B', N'Đáp án C', N'Đáp án D', N'C', N'GV020001')
--INSERT INTO BoDe VALUES (N'TNHD ', 230, N'B', N'Nội dung câu hỏi số 230 trình độ B. Đáp Án C.', N'Đáp án A', N'Đáp án B', N'Đáp án C', N'Đáp án D', N'C', N'GV020001')

--INSERT INTO BoDe VALUES (N'TNHD ', 231, N'B', N'Nội dung câu hỏi số 231 trình độ B. Đáp Án D.', N'Đáp án A', N'Đáp án B', N'Đáp án C', N'Đáp án D', N'D', N'GV020001')
--INSERT INTO BoDe VALUES (N'TNHD ', 232, N'B', N'Nội dung câu hỏi số 232 trình độ B. Đáp Án D.', N'Đáp án A', N'Đáp án B', N'Đáp án C', N'Đáp án D', N'D', N'GV020001')
--INSERT INTO BoDe VALUES (N'TNHD ', 233, N'B', N'Nội dung câu hỏi số 233 trình độ B. Đáp Án D.', N'Đáp án A', N'Đáp án B', N'Đáp án C', N'Đáp án D', N'D', N'GV020001')
--INSERT INTO BoDe VALUES (N'TNHD ', 234, N'B', N'Nội dung câu hỏi số 234 trình độ B. Đáp Án D.', N'Đáp án A', N'Đáp án B', N'Đáp án C', N'Đáp án D', N'D', N'GV020001')
--INSERT INTO BoDe VALUES (N'TNHD ', 235, N'B', N'Nội dung câu hỏi số 235 trình độ B. Đáp Án D.', N'Đáp án A', N'Đáp án B', N'Đáp án C', N'Đáp án D', N'D', N'GV020001')
--INSERT INTO BoDe VALUES (N'TNHD ', 236, N'B', N'Nội dung câu hỏi số 236 trình độ B. Đáp Án D.', N'Đáp án A', N'Đáp án B', N'Đáp án C', N'Đáp án D', N'D', N'GV020001')
--INSERT INTO BoDe VALUES (N'TNHD ', 237, N'B', N'Nội dung câu hỏi số 237 trình độ B. Đáp Án D.', N'Đáp án A', N'Đáp án B', N'Đáp án C', N'Đáp án D', N'D', N'GV020001')
--INSERT INTO BoDe VALUES (N'TNHD ', 238, N'B', N'Nội dung câu hỏi số 238 trình độ B. Đáp Án D.', N'Đáp án A', N'Đáp án B', N'Đáp án C', N'Đáp án D', N'D', N'GV020001')
--INSERT INTO BoDe VALUES (N'TNHD ', 239, N'B', N'Nội dung câu hỏi số 239 trình độ B. Đáp Án D.', N'Đáp án A', N'Đáp án B', N'Đáp án C', N'Đáp án D', N'D', N'GV020001')
--INSERT INTO BoDe VALUES (N'TNHD ', 240, N'B', N'Nội dung câu hỏi số 240 trình độ B. Đáp Án D.', N'Đáp án A', N'Đáp án B', N'Đáp án C', N'Đáp án D', N'D', N'GV020001')
------------------------------------------------------------------------------------------------------------------------------------------------------------BC1   A
--INSERT INTO BoDe VALUES (N'BC1  ', 241, N'A', N'Nội dung câu hỏi số 241 trình độ A. Đáp Án A.', N'Đáp án A', N'Đáp án B', N'Đáp án C', N'Đáp án D', N'A', N'GV020002')
--INSERT INTO BoDe VALUES (N'BC1  ', 242, N'A', N'Nội dung câu hỏi số 242 trình độ A. Đáp Án A.', N'Đáp án A', N'Đáp án B', N'Đáp án C', N'Đáp án D', N'A', N'GV020002')
--INSERT INTO BoDe VALUES (N'BC1  ', 243, N'A', N'Nội dung câu hỏi số 243 trình độ A. Đáp Án A.', N'Đáp án A', N'Đáp án B', N'Đáp án C', N'Đáp án D', N'A', N'GV020002')
--INSERT INTO BoDe VALUES (N'BC1  ', 244, N'A', N'Nội dung câu hỏi số 244 trình độ A. Đáp Án A.', N'Đáp án A', N'Đáp án B', N'Đáp án C', N'Đáp án D', N'A', N'GV020002')
--INSERT INTO BoDe VALUES (N'BC1  ', 245, N'A', N'Nội dung câu hỏi số 245 trình độ A. Đáp Án A.', N'Đáp án A', N'Đáp án B', N'Đáp án C', N'Đáp án D', N'A', N'GV020002')
--INSERT INTO BoDe VALUES (N'BC1  ', 246, N'A', N'Nội dung câu hỏi số 246 trình độ A. Đáp Án A.', N'Đáp án A', N'Đáp án B', N'Đáp án C', N'Đáp án D', N'A', N'GV020002')
--INSERT INTO BoDe VALUES (N'BC1  ', 247, N'A', N'Nội dung câu hỏi số 247 trình độ A. Đáp Án A.', N'Đáp án A', N'Đáp án B', N'Đáp án C', N'Đáp án D', N'A', N'GV020002')
--INSERT INTO BoDe VALUES (N'BC1  ', 248, N'A', N'Nội dung câu hỏi số 248 trình độ A. Đáp Án A.', N'Đáp án A', N'Đáp án B', N'Đáp án C', N'Đáp án D', N'A', N'GV020002')
--INSERT INTO BoDe VALUES (N'BC1  ', 249, N'A', N'Nội dung câu hỏi số 249 trình độ A. Đáp Án A.', N'Đáp án A', N'Đáp án B', N'Đáp án C', N'Đáp án D', N'A', N'GV020002')
--INSERT INTO BoDe VALUES (N'BC1  ', 250, N'A', N'Nội dung câu hỏi số 250 trình độ A. Đáp Án A.', N'Đáp án A', N'Đáp án B', N'Đáp án C', N'Đáp án D', N'A', N'GV020002')

--INSERT INTO BoDe VALUES (N'BC1  ', 251, N'A', N'Nội dung câu hỏi số 251 trình độ A. Đáp Án B.', N'Đáp án A', N'Đáp án B', N'Đáp án C', N'Đáp án D', N'B', N'GV020002')
--INSERT INTO BoDe VALUES (N'BC1  ', 252, N'A', N'Nội dung câu hỏi số 252 trình độ A. Đáp Án B.', N'Đáp án A', N'Đáp án B', N'Đáp án C', N'Đáp án D', N'B', N'GV020002')
--INSERT INTO BoDe VALUES (N'BC1  ', 253, N'A', N'Nội dung câu hỏi số 253 trình độ A. Đáp Án B.', N'Đáp án A', N'Đáp án B', N'Đáp án C', N'Đáp án D', N'B', N'GV020002')
--INSERT INTO BoDe VALUES (N'BC1  ', 254, N'A', N'Nội dung câu hỏi số 254 trình độ A. Đáp Án B.', N'Đáp án A', N'Đáp án B', N'Đáp án C', N'Đáp án D', N'B', N'GV020002')
--INSERT INTO BoDe VALUES (N'BC1  ', 255, N'A', N'Nội dung câu hỏi số 255 trình độ A. Đáp Án B.', N'Đáp án A', N'Đáp án B', N'Đáp án C', N'Đáp án D', N'B', N'GV020002')
--INSERT INTO BoDe VALUES (N'BC1  ', 256, N'A', N'Nội dung câu hỏi số 256 trình độ A. Đáp Án B.', N'Đáp án A', N'Đáp án B', N'Đáp án C', N'Đáp án D', N'B', N'GV020002')
--INSERT INTO BoDe VALUES (N'BC1  ', 257, N'A', N'Nội dung câu hỏi số 257 trình độ A. Đáp Án B.', N'Đáp án A', N'Đáp án B', N'Đáp án C', N'Đáp án D', N'B', N'GV020002')
--INSERT INTO BoDe VALUES (N'BC1  ', 258, N'A', N'Nội dung câu hỏi số 258 trình độ A. Đáp Án B.', N'Đáp án A', N'Đáp án B', N'Đáp án C', N'Đáp án D', N'B', N'GV020002')
--INSERT INTO BoDe VALUES (N'BC1  ', 259, N'A', N'Nội dung câu hỏi số 259 trình độ A. Đáp Án B.', N'Đáp án A', N'Đáp án B', N'Đáp án C', N'Đáp án D', N'B', N'GV020002')
--INSERT INTO BoDe VALUES (N'BC1  ', 260, N'A', N'Nội dung câu hỏi số 260 trình độ A. Đáp Án B.', N'Đáp án A', N'Đáp án B', N'Đáp án C', N'Đáp án D', N'B', N'GV020002')

--INSERT INTO BoDe VALUES (N'BC1  ', 261, N'A', N'Nội dung câu hỏi số 261 trình độ A. Đáp Án C.', N'Đáp án A', N'Đáp án B', N'Đáp án C', N'Đáp án D', N'C', N'GV020002')
--INSERT INTO BoDe VALUES (N'BC1  ', 262, N'A', N'Nội dung câu hỏi số 262 trình độ A. Đáp Án C.', N'Đáp án A', N'Đáp án B', N'Đáp án C', N'Đáp án D', N'C', N'GV020002')
--INSERT INTO BoDe VALUES (N'BC1  ', 263, N'A', N'Nội dung câu hỏi số 263 trình độ A. Đáp Án C.', N'Đáp án A', N'Đáp án B', N'Đáp án C', N'Đáp án D', N'C', N'GV020002')
--INSERT INTO BoDe VALUES (N'BC1  ', 264, N'A', N'Nội dung câu hỏi số 264 trình độ A. Đáp Án C.', N'Đáp án A', N'Đáp án B', N'Đáp án C', N'Đáp án D', N'C', N'GV020002')
--INSERT INTO BoDe VALUES (N'BC1  ', 265, N'A', N'Nội dung câu hỏi số 265 trình độ A. Đáp Án C.', N'Đáp án A', N'Đáp án B', N'Đáp án C', N'Đáp án D', N'C', N'GV020002')
--INSERT INTO BoDe VALUES (N'BC1  ', 266, N'A', N'Nội dung câu hỏi số 266 trình độ A. Đáp Án C.', N'Đáp án A', N'Đáp án B', N'Đáp án C', N'Đáp án D', N'C', N'GV020002')
--INSERT INTO BoDe VALUES (N'BC1  ', 267, N'A', N'Nội dung câu hỏi số 267 trình độ A. Đáp Án C.', N'Đáp án A', N'Đáp án B', N'Đáp án C', N'Đáp án D', N'C', N'GV020002')
--INSERT INTO BoDe VALUES (N'BC1  ', 268, N'A', N'Nội dung câu hỏi số 268 trình độ A. Đáp Án C.', N'Đáp án A', N'Đáp án B', N'Đáp án C', N'Đáp án D', N'C', N'GV020002')
--INSERT INTO BoDe VALUES (N'BC1  ', 269, N'A', N'Nội dung câu hỏi số 269 trình độ A. Đáp Án C.', N'Đáp án A', N'Đáp án B', N'Đáp án C', N'Đáp án D', N'C', N'GV020002')
--INSERT INTO BoDe VALUES (N'BC1  ', 270, N'A', N'Nội dung câu hỏi số 270 trình độ A. Đáp Án C.', N'Đáp án A', N'Đáp án B', N'Đáp án C', N'Đáp án D', N'C', N'GV020002')

--INSERT INTO BoDe VALUES (N'BC1  ', 271, N'A', N'Nội dung câu hỏi số 271 trình độ A. Đáp Án D.', N'Đáp án A', N'Đáp án B', N'Đáp án C', N'Đáp án D', N'D', N'GV020002')
--INSERT INTO BoDe VALUES (N'BC1  ', 272, N'A', N'Nội dung câu hỏi số 272 trình độ A. Đáp Án D.', N'Đáp án A', N'Đáp án B', N'Đáp án C', N'Đáp án D', N'D', N'GV020002')
--INSERT INTO BoDe VALUES (N'BC1  ', 273, N'A', N'Nội dung câu hỏi số 273 trình độ A. Đáp Án D.', N'Đáp án A', N'Đáp án B', N'Đáp án C', N'Đáp án D', N'D', N'GV020002')
--INSERT INTO BoDe VALUES (N'BC1  ', 274, N'A', N'Nội dung câu hỏi số 274 trình độ A. Đáp Án D.', N'Đáp án A', N'Đáp án B', N'Đáp án C', N'Đáp án D', N'D', N'GV020002')
--INSERT INTO BoDe VALUES (N'BC1  ', 275, N'A', N'Nội dung câu hỏi số 275 trình độ A. Đáp Án D.', N'Đáp án A', N'Đáp án B', N'Đáp án C', N'Đáp án D', N'D', N'GV020002')
--INSERT INTO BoDe VALUES (N'BC1  ', 276, N'A', N'Nội dung câu hỏi số 276 trình độ A. Đáp Án D.', N'Đáp án A', N'Đáp án B', N'Đáp án C', N'Đáp án D', N'D', N'GV020002')
--INSERT INTO BoDe VALUES (N'BC1  ', 277, N'A', N'Nội dung câu hỏi số 277 trình độ A. Đáp Án D.', N'Đáp án A', N'Đáp án B', N'Đáp án C', N'Đáp án D', N'D', N'GV020002')
--INSERT INTO BoDe VALUES (N'BC1  ', 278, N'A', N'Nội dung câu hỏi số 278 trình độ A. Đáp Án D.', N'Đáp án A', N'Đáp án B', N'Đáp án C', N'Đáp án D', N'D', N'GV020002')
--INSERT INTO BoDe VALUES (N'BC1  ', 279, N'A', N'Nội dung câu hỏi số 279 trình độ A. Đáp Án D.', N'Đáp án A', N'Đáp án B', N'Đáp án C', N'Đáp án D', N'D', N'GV020002')
--INSERT INTO BoDe VALUES (N'BC1  ', 280, N'A', N'Nội dung câu hỏi số 280 trình độ A. Đáp Án D.', N'Đáp án A', N'Đáp án B', N'Đáp án C', N'Đáp án D', N'D', N'GV020002')
------------------------------------------------------------------------------------------------------------------------------------------------------------BC1   B
--INSERT INTO BoDe VALUES (N'BC1  ', 281, N'B', N'Nội dung câu hỏi số 281 trình độ B. Đáp Án A.', N'Đáp án A', N'Đáp án B', N'Đáp án C', N'Đáp án D', N'A', N'GV020002')
--INSERT INTO BoDe VALUES (N'BC1  ', 282, N'B', N'Nội dung câu hỏi số 282 trình độ B. Đáp Án A.', N'Đáp án A', N'Đáp án B', N'Đáp án C', N'Đáp án D', N'A', N'GV020002')
--INSERT INTO BoDe VALUES (N'BC1  ', 283, N'B', N'Nội dung câu hỏi số 283 trình độ B. Đáp Án A.', N'Đáp án A', N'Đáp án B', N'Đáp án C', N'Đáp án D', N'A', N'GV020002')
--INSERT INTO BoDe VALUES (N'BC1  ', 284, N'B', N'Nội dung câu hỏi số 284 trình độ B. Đáp Án A.', N'Đáp án A', N'Đáp án B', N'Đáp án C', N'Đáp án D', N'A', N'GV020002')
--INSERT INTO BoDe VALUES (N'BC1  ', 285, N'B', N'Nội dung câu hỏi số 285 trình độ B. Đáp Án A.', N'Đáp án A', N'Đáp án B', N'Đáp án C', N'Đáp án D', N'A', N'GV020002')
--INSERT INTO BoDe VALUES (N'BC1  ', 286, N'B', N'Nội dung câu hỏi số 286 trình độ B. Đáp Án A.', N'Đáp án A', N'Đáp án B', N'Đáp án C', N'Đáp án D', N'A', N'GV020002')
--INSERT INTO BoDe VALUES (N'BC1  ', 287, N'B', N'Nội dung câu hỏi số 287 trình độ B. Đáp Án A.', N'Đáp án A', N'Đáp án B', N'Đáp án C', N'Đáp án D', N'A', N'GV020002')
--INSERT INTO BoDe VALUES (N'BC1  ', 288, N'B', N'Nội dung câu hỏi số 288 trình độ B. Đáp Án A.', N'Đáp án A', N'Đáp án B', N'Đáp án C', N'Đáp án D', N'A', N'GV020002')
--INSERT INTO BoDe VALUES (N'BC1  ', 289, N'B', N'Nội dung câu hỏi số 289 trình độ B. Đáp Án A.', N'Đáp án A', N'Đáp án B', N'Đáp án C', N'Đáp án D', N'A', N'GV020002')
--INSERT INTO BoDe VALUES (N'BC1  ', 290, N'B', N'Nội dung câu hỏi số 290 trình độ B. Đáp Án A.', N'Đáp án A', N'Đáp án B', N'Đáp án C', N'Đáp án D', N'A', N'GV020002')

--INSERT INTO BoDe VALUES (N'BC1  ', 291, N'B', N'Nội dung câu hỏi số 291 trình độ B. Đáp Án B.', N'Đáp án A', N'Đáp án B', N'Đáp án C', N'Đáp án D', N'B', N'GV020002')
--INSERT INTO BoDe VALUES (N'BC1  ', 292, N'B', N'Nội dung câu hỏi số 292 trình độ B. Đáp Án B.', N'Đáp án A', N'Đáp án B', N'Đáp án C', N'Đáp án D', N'B', N'GV020002')
--INSERT INTO BoDe VALUES (N'BC1  ', 293, N'B', N'Nội dung câu hỏi số 293 trình độ B. Đáp Án B.', N'Đáp án A', N'Đáp án B', N'Đáp án C', N'Đáp án D', N'B', N'GV020002')
--INSERT INTO BoDe VALUES (N'BC1  ', 294, N'B', N'Nội dung câu hỏi số 294 trình độ B. Đáp Án B.', N'Đáp án A', N'Đáp án B', N'Đáp án C', N'Đáp án D', N'B', N'GV020002')
--INSERT INTO BoDe VALUES (N'BC1  ', 295, N'B', N'Nội dung câu hỏi số 295 trình độ B. Đáp Án B.', N'Đáp án A', N'Đáp án B', N'Đáp án C', N'Đáp án D', N'B', N'GV020002')
--INSERT INTO BoDe VALUES (N'BC1  ', 296, N'B', N'Nội dung câu hỏi số 296 trình độ B. Đáp Án B.', N'Đáp án A', N'Đáp án B', N'Đáp án C', N'Đáp án D', N'B', N'GV020002')
--INSERT INTO BoDe VALUES (N'BC1  ', 297, N'B', N'Nội dung câu hỏi số 297 trình độ B. Đáp Án B.', N'Đáp án A', N'Đáp án B', N'Đáp án C', N'Đáp án D', N'B', N'GV020002')
--INSERT INTO BoDe VALUES (N'BC1  ', 298, N'B', N'Nội dung câu hỏi số 298 trình độ B. Đáp Án B.', N'Đáp án A', N'Đáp án B', N'Đáp án C', N'Đáp án D', N'B', N'GV020002')
--INSERT INTO BoDe VALUES (N'BC1  ', 299, N'B', N'Nội dung câu hỏi số 299 trình độ B. Đáp Án B.', N'Đáp án A', N'Đáp án B', N'Đáp án C', N'Đáp án D', N'B', N'GV020002')
--INSERT INTO BoDe VALUES (N'BC1  ', 300, N'B', N'Nội dung câu hỏi số 300 trình độ B. Đáp Án B.', N'Đáp án A', N'Đáp án B', N'Đáp án C', N'Đáp án D', N'B', N'GV020002')

--INSERT INTO BoDe VALUES (N'BC1  ', 301, N'B', N'Nội dung câu hỏi số 301 trình độ B. Đáp Án C.', N'Đáp án A', N'Đáp án B', N'Đáp án C', N'Đáp án D', N'C', N'GV020002')
--INSERT INTO BoDe VALUES (N'BC1  ', 302, N'B', N'Nội dung câu hỏi số 302 trình độ B. Đáp Án C.', N'Đáp án A', N'Đáp án B', N'Đáp án C', N'Đáp án D', N'C', N'GV020002')
--INSERT INTO BoDe VALUES (N'BC1  ', 303, N'B', N'Nội dung câu hỏi số 303 trình độ B. Đáp Án C.', N'Đáp án A', N'Đáp án B', N'Đáp án C', N'Đáp án D', N'C', N'GV020002')
--INSERT INTO BoDe VALUES (N'BC1  ', 304, N'B', N'Nội dung câu hỏi số 304 trình độ B. Đáp Án C.', N'Đáp án A', N'Đáp án B', N'Đáp án C', N'Đáp án D', N'C', N'GV020002')
--INSERT INTO BoDe VALUES (N'BC1  ', 305, N'B', N'Nội dung câu hỏi số 305 trình độ B. Đáp Án C.', N'Đáp án A', N'Đáp án B', N'Đáp án C', N'Đáp án D', N'C', N'GV020002')
--INSERT INTO BoDe VALUES (N'BC1  ', 306, N'B', N'Nội dung câu hỏi số 306 trình độ B. Đáp Án C.', N'Đáp án A', N'Đáp án B', N'Đáp án C', N'Đáp án D', N'C', N'GV020002')
--INSERT INTO BoDe VALUES (N'BC1  ', 307, N'B', N'Nội dung câu hỏi số 307 trình độ B. Đáp Án C.', N'Đáp án A', N'Đáp án B', N'Đáp án C', N'Đáp án D', N'C', N'GV020002')
--INSERT INTO BoDe VALUES (N'BC1  ', 308, N'B', N'Nội dung câu hỏi số 308 trình độ B. Đáp Án C.', N'Đáp án A', N'Đáp án B', N'Đáp án C', N'Đáp án D', N'C', N'GV020002')
--INSERT INTO BoDe VALUES (N'BC1  ', 309, N'B', N'Nội dung câu hỏi số 309 trình độ B. Đáp Án C.', N'Đáp án A', N'Đáp án B', N'Đáp án C', N'Đáp án D', N'C', N'GV020002')
--INSERT INTO BoDe VALUES (N'BC1  ', 310, N'B', N'Nội dung câu hỏi số 310 trình độ B. Đáp Án C.', N'Đáp án A', N'Đáp án B', N'Đáp án C', N'Đáp án D', N'C', N'GV020002')

--INSERT INTO BoDe VALUES (N'BC1  ', 311, N'B', N'Nội dung câu hỏi số 311 trình độ B. Đáp Án D.', N'Đáp án A', N'Đáp án B', N'Đáp án C', N'Đáp án D', N'D', N'GV020002')
--INSERT INTO BoDe VALUES (N'BC1  ', 312, N'B', N'Nội dung câu hỏi số 312 trình độ B. Đáp Án D.', N'Đáp án A', N'Đáp án B', N'Đáp án C', N'Đáp án D', N'D', N'GV020002')
--INSERT INTO BoDe VALUES (N'BC1  ', 313, N'B', N'Nội dung câu hỏi số 313 trình độ B. Đáp Án D.', N'Đáp án A', N'Đáp án B', N'Đáp án C', N'Đáp án D', N'D', N'GV020002')
--INSERT INTO BoDe VALUES (N'BC1  ', 314, N'B', N'Nội dung câu hỏi số 314 trình độ B. Đáp Án D.', N'Đáp án A', N'Đáp án B', N'Đáp án C', N'Đáp án D', N'D', N'GV020002')
--INSERT INTO BoDe VALUES (N'BC1  ', 315, N'B', N'Nội dung câu hỏi số 315 trình độ B. Đáp Án D.', N'Đáp án A', N'Đáp án B', N'Đáp án C', N'Đáp án D', N'D', N'GV020002')
--INSERT INTO BoDe VALUES (N'BC1  ', 316, N'B', N'Nội dung câu hỏi số 316 trình độ B. Đáp Án D.', N'Đáp án A', N'Đáp án B', N'Đáp án C', N'Đáp án D', N'D', N'GV020002')
--INSERT INTO BoDe VALUES (N'BC1  ', 317, N'B', N'Nội dung câu hỏi số 317 trình độ B. Đáp Án D.', N'Đáp án A', N'Đáp án B', N'Đáp án C', N'Đáp án D', N'D', N'GV020002')
--INSERT INTO BoDe VALUES (N'BC1  ', 318, N'B', N'Nội dung câu hỏi số 318 trình độ B. Đáp Án D.', N'Đáp án A', N'Đáp án B', N'Đáp án C', N'Đáp án D', N'D', N'GV020002')
--INSERT INTO BoDe VALUES (N'BC1  ', 319, N'B', N'Nội dung câu hỏi số 319 trình độ B. Đáp Án D.', N'Đáp án A', N'Đáp án B', N'Đáp án C', N'Đáp án D', N'D', N'GV020002')
--INSERT INTO BoDe VALUES (N'BC1  ', 320, N'B', N'Nội dung câu hỏi số 320 trình độ B. Đáp Án D.', N'Đáp án A', N'Đáp án B', N'Đáp án C', N'Đáp án D', N'D', N'GV020002')
------------------------------------------------------------------------------------------------------------------------------------------------------------KTCT  A
--INSERT INTO BoDe VALUES (N'KTCT ', 321, N'A', N'Nội dung câu hỏi số 321 trình độ A. Đáp Án A.', N'Đáp án A', N'Đáp án B', N'Đáp án C', N'Đáp án D', N'A', N'GV030001')
--INSERT INTO BoDe VALUES (N'KTCT ', 322, N'A', N'Nội dung câu hỏi số 322 trình độ A. Đáp Án A.', N'Đáp án A', N'Đáp án B', N'Đáp án C', N'Đáp án D', N'A', N'GV030001')
--INSERT INTO BoDe VALUES (N'KTCT ', 323, N'A', N'Nội dung câu hỏi số 323 trình độ A. Đáp Án A.', N'Đáp án A', N'Đáp án B', N'Đáp án C', N'Đáp án D', N'A', N'GV030001')
--INSERT INTO BoDe VALUES (N'KTCT ', 324, N'A', N'Nội dung câu hỏi số 324 trình độ A. Đáp Án A.', N'Đáp án A', N'Đáp án B', N'Đáp án C', N'Đáp án D', N'A', N'GV030001')
--INSERT INTO BoDe VALUES (N'KTCT ', 325, N'A', N'Nội dung câu hỏi số 325 trình độ A. Đáp Án A.', N'Đáp án A', N'Đáp án B', N'Đáp án C', N'Đáp án D', N'A', N'GV030001')
--INSERT INTO BoDe VALUES (N'KTCT ', 326, N'A', N'Nội dung câu hỏi số 326 trình độ A. Đáp Án A.', N'Đáp án A', N'Đáp án B', N'Đáp án C', N'Đáp án D', N'A', N'GV030001')
--INSERT INTO BoDe VALUES (N'KTCT ', 327, N'A', N'Nội dung câu hỏi số 327 trình độ A. Đáp Án A.', N'Đáp án A', N'Đáp án B', N'Đáp án C', N'Đáp án D', N'A', N'GV030001')
--INSERT INTO BoDe VALUES (N'KTCT ', 328, N'A', N'Nội dung câu hỏi số 328 trình độ A. Đáp Án A.', N'Đáp án A', N'Đáp án B', N'Đáp án C', N'Đáp án D', N'A', N'GV030001')
--INSERT INTO BoDe VALUES (N'KTCT ', 329, N'A', N'Nội dung câu hỏi số 329 trình độ A. Đáp Án A.', N'Đáp án A', N'Đáp án B', N'Đáp án C', N'Đáp án D', N'A', N'GV030001')
--INSERT INTO BoDe VALUES (N'KTCT ', 330, N'A', N'Nội dung câu hỏi số 330 trình độ A. Đáp Án A.', N'Đáp án A', N'Đáp án B', N'Đáp án C', N'Đáp án D', N'A', N'GV030001')

--INSERT INTO BoDe VALUES (N'KTCT ', 331, N'A', N'Nội dung câu hỏi số 331 trình độ A. Đáp Án B.', N'Đáp án A', N'Đáp án B', N'Đáp án C', N'Đáp án D', N'B', N'GV030001')
--INSERT INTO BoDe VALUES (N'KTCT ', 332, N'A', N'Nội dung câu hỏi số 332 trình độ A. Đáp Án B.', N'Đáp án A', N'Đáp án B', N'Đáp án C', N'Đáp án D', N'B', N'GV030001')
--INSERT INTO BoDe VALUES (N'KTCT ', 333, N'A', N'Nội dung câu hỏi số 333 trình độ A. Đáp Án B.', N'Đáp án A', N'Đáp án B', N'Đáp án C', N'Đáp án D', N'B', N'GV030001')
--INSERT INTO BoDe VALUES (N'KTCT ', 334, N'A', N'Nội dung câu hỏi số 334 trình độ A. Đáp Án B.', N'Đáp án A', N'Đáp án B', N'Đáp án C', N'Đáp án D', N'B', N'GV030001')
--INSERT INTO BoDe VALUES (N'KTCT ', 335, N'A', N'Nội dung câu hỏi số 335 trình độ A. Đáp Án B.', N'Đáp án A', N'Đáp án B', N'Đáp án C', N'Đáp án D', N'B', N'GV030001')
--INSERT INTO BoDe VALUES (N'KTCT ', 336, N'A', N'Nội dung câu hỏi số 336 trình độ A. Đáp Án B.', N'Đáp án A', N'Đáp án B', N'Đáp án C', N'Đáp án D', N'B', N'GV030001')
--INSERT INTO BoDe VALUES (N'KTCT ', 337, N'A', N'Nội dung câu hỏi số 337 trình độ A. Đáp Án B.', N'Đáp án A', N'Đáp án B', N'Đáp án C', N'Đáp án D', N'B', N'GV030001')
--INSERT INTO BoDe VALUES (N'KTCT ', 338, N'A', N'Nội dung câu hỏi số 338 trình độ A. Đáp Án B.', N'Đáp án A', N'Đáp án B', N'Đáp án C', N'Đáp án D', N'B', N'GV030001')
--INSERT INTO BoDe VALUES (N'KTCT ', 339, N'A', N'Nội dung câu hỏi số 339 trình độ A. Đáp Án B.', N'Đáp án A', N'Đáp án B', N'Đáp án C', N'Đáp án D', N'B', N'GV030001')
--INSERT INTO BoDe VALUES (N'KTCT ', 340, N'A', N'Nội dung câu hỏi số 340 trình độ A. Đáp Án B.', N'Đáp án A', N'Đáp án B', N'Đáp án C', N'Đáp án D', N'B', N'GV030001')

--INSERT INTO BoDe VALUES (N'KTCT ', 341, N'A', N'Nội dung câu hỏi số 341 trình độ A. Đáp Án C.', N'Đáp án A', N'Đáp án B', N'Đáp án C', N'Đáp án D', N'C', N'GV030001')
--INSERT INTO BoDe VALUES (N'KTCT ', 342, N'A', N'Nội dung câu hỏi số 342 trình độ A. Đáp Án C.', N'Đáp án A', N'Đáp án B', N'Đáp án C', N'Đáp án D', N'C', N'GV030001')
--INSERT INTO BoDe VALUES (N'KTCT ', 343, N'A', N'Nội dung câu hỏi số 343 trình độ A. Đáp Án C.', N'Đáp án A', N'Đáp án B', N'Đáp án C', N'Đáp án D', N'C', N'GV030001')
--INSERT INTO BoDe VALUES (N'KTCT ', 344, N'A', N'Nội dung câu hỏi số 344 trình độ A. Đáp Án C.', N'Đáp án A', N'Đáp án B', N'Đáp án C', N'Đáp án D', N'C', N'GV030001')
--INSERT INTO BoDe VALUES (N'KTCT ', 345, N'A', N'Nội dung câu hỏi số 345 trình độ A. Đáp Án C.', N'Đáp án A', N'Đáp án B', N'Đáp án C', N'Đáp án D', N'C', N'GV030001')
--INSERT INTO BoDe VALUES (N'KTCT ', 346, N'A', N'Nội dung câu hỏi số 346 trình độ A. Đáp Án C.', N'Đáp án A', N'Đáp án B', N'Đáp án C', N'Đáp án D', N'C', N'GV030001')
--INSERT INTO BoDe VALUES (N'KTCT ', 347, N'A', N'Nội dung câu hỏi số 347 trình độ A. Đáp Án C.', N'Đáp án A', N'Đáp án B', N'Đáp án C', N'Đáp án D', N'C', N'GV030001')
--INSERT INTO BoDe VALUES (N'KTCT ', 348, N'A', N'Nội dung câu hỏi số 348 trình độ A. Đáp Án C.', N'Đáp án A', N'Đáp án B', N'Đáp án C', N'Đáp án D', N'C', N'GV030001')
--INSERT INTO BoDe VALUES (N'KTCT ', 349, N'A', N'Nội dung câu hỏi số 349 trình độ A. Đáp Án C.', N'Đáp án A', N'Đáp án B', N'Đáp án C', N'Đáp án D', N'C', N'GV030001')
--INSERT INTO BoDe VALUES (N'KTCT ', 350, N'A', N'Nội dung câu hỏi số 350 trình độ A. Đáp Án C.', N'Đáp án A', N'Đáp án B', N'Đáp án C', N'Đáp án D', N'C', N'GV030001')

--INSERT INTO BoDe VALUES (N'KTCT ', 351, N'A', N'Nội dung câu hỏi số 351 trình độ A. Đáp Án D.', N'Đáp án A', N'Đáp án B', N'Đáp án C', N'Đáp án D', N'D', N'GV030001')
--INSERT INTO BoDe VALUES (N'KTCT ', 352, N'A', N'Nội dung câu hỏi số 352 trình độ A. Đáp Án D.', N'Đáp án A', N'Đáp án B', N'Đáp án C', N'Đáp án D', N'D', N'GV030001')
--INSERT INTO BoDe VALUES (N'KTCT ', 353, N'A', N'Nội dung câu hỏi số 353 trình độ A. Đáp Án D.', N'Đáp án A', N'Đáp án B', N'Đáp án C', N'Đáp án D', N'D', N'GV030001')
--INSERT INTO BoDe VALUES (N'KTCT ', 354, N'A', N'Nội dung câu hỏi số 354 trình độ A. Đáp Án D.', N'Đáp án A', N'Đáp án B', N'Đáp án C', N'Đáp án D', N'D', N'GV030001')
--INSERT INTO BoDe VALUES (N'KTCT ', 355, N'A', N'Nội dung câu hỏi số 355 trình độ A. Đáp Án D.', N'Đáp án A', N'Đáp án B', N'Đáp án C', N'Đáp án D', N'D', N'GV030001')
--INSERT INTO BoDe VALUES (N'KTCT ', 356, N'A', N'Nội dung câu hỏi số 356 trình độ A. Đáp Án D.', N'Đáp án A', N'Đáp án B', N'Đáp án C', N'Đáp án D', N'D', N'GV030001')
--INSERT INTO BoDe VALUES (N'KTCT ', 357, N'A', N'Nội dung câu hỏi số 357 trình độ A. Đáp Án D.', N'Đáp án A', N'Đáp án B', N'Đáp án C', N'Đáp án D', N'D', N'GV030001')
--INSERT INTO BoDe VALUES (N'KTCT ', 358, N'A', N'Nội dung câu hỏi số 358 trình độ A. Đáp Án D.', N'Đáp án A', N'Đáp án B', N'Đáp án C', N'Đáp án D', N'D', N'GV030001')
--INSERT INTO BoDe VALUES (N'KTCT ', 359, N'A', N'Nội dung câu hỏi số 359 trình độ A. Đáp Án D.', N'Đáp án A', N'Đáp án B', N'Đáp án C', N'Đáp án D', N'D', N'GV030001')
--INSERT INTO BoDe VALUES (N'KTCT ', 360, N'A', N'Nội dung câu hỏi số 360 trình độ A. Đáp Án D.', N'Đáp án A', N'Đáp án B', N'Đáp án C', N'Đáp án D', N'D', N'GV030001')
------------------------------------------------------------------------------------------------------------------------------------------------------------KTCT  B
--INSERT INTO BoDe VALUES (N'KTCT ', 361, N'B', N'Nội dung câu hỏi số 361 trình độ B. Đáp Án A.', N'Đáp án A', N'Đáp án B', N'Đáp án C', N'Đáp án D', N'A', N'GV030001')
--INSERT INTO BoDe VALUES (N'KTCT ', 362, N'B', N'Nội dung câu hỏi số 362 trình độ B. Đáp Án A.', N'Đáp án A', N'Đáp án B', N'Đáp án C', N'Đáp án D', N'A', N'GV030001')
--INSERT INTO BoDe VALUES (N'KTCT ', 363, N'B', N'Nội dung câu hỏi số 363 trình độ B. Đáp Án A.', N'Đáp án A', N'Đáp án B', N'Đáp án C', N'Đáp án D', N'A', N'GV030001')
--INSERT INTO BoDe VALUES (N'KTCT ', 364, N'B', N'Nội dung câu hỏi số 364 trình độ B. Đáp Án A.', N'Đáp án A', N'Đáp án B', N'Đáp án C', N'Đáp án D', N'A', N'GV030001')
--INSERT INTO BoDe VALUES (N'KTCT ', 365, N'B', N'Nội dung câu hỏi số 365 trình độ B. Đáp Án A.', N'Đáp án A', N'Đáp án B', N'Đáp án C', N'Đáp án D', N'A', N'GV030001')
--INSERT INTO BoDe VALUES (N'KTCT ', 366, N'B', N'Nội dung câu hỏi số 366 trình độ B. Đáp Án A.', N'Đáp án A', N'Đáp án B', N'Đáp án C', N'Đáp án D', N'A', N'GV030001')
--INSERT INTO BoDe VALUES (N'KTCT ', 367, N'B', N'Nội dung câu hỏi số 367 trình độ B. Đáp Án A.', N'Đáp án A', N'Đáp án B', N'Đáp án C', N'Đáp án D', N'A', N'GV030001')
--INSERT INTO BoDe VALUES (N'KTCT ', 368, N'B', N'Nội dung câu hỏi số 368 trình độ B. Đáp Án A.', N'Đáp án A', N'Đáp án B', N'Đáp án C', N'Đáp án D', N'A', N'GV030001')
--INSERT INTO BoDe VALUES (N'KTCT ', 369, N'B', N'Nội dung câu hỏi số 369 trình độ B. Đáp Án A.', N'Đáp án A', N'Đáp án B', N'Đáp án C', N'Đáp án D', N'A', N'GV030001')
--INSERT INTO BoDe VALUES (N'KTCT ', 370, N'B', N'Nội dung câu hỏi số 370 trình độ B. Đáp Án A.', N'Đáp án A', N'Đáp án B', N'Đáp án C', N'Đáp án D', N'A', N'GV030001')

--INSERT INTO BoDe VALUES (N'KTCT ', 371, N'B', N'Nội dung câu hỏi số 371 trình độ B. Đáp Án B.', N'Đáp án A', N'Đáp án B', N'Đáp án C', N'Đáp án D', N'B', N'GV030001')
--INSERT INTO BoDe VALUES (N'KTCT ', 372, N'B', N'Nội dung câu hỏi số 372 trình độ B. Đáp Án B.', N'Đáp án A', N'Đáp án B', N'Đáp án C', N'Đáp án D', N'B', N'GV030001')
--INSERT INTO BoDe VALUES (N'KTCT ', 373, N'B', N'Nội dung câu hỏi số 373 trình độ B. Đáp Án B.', N'Đáp án A', N'Đáp án B', N'Đáp án C', N'Đáp án D', N'B', N'GV030001')
--INSERT INTO BoDe VALUES (N'KTCT ', 374, N'B', N'Nội dung câu hỏi số 374 trình độ B. Đáp Án B.', N'Đáp án A', N'Đáp án B', N'Đáp án C', N'Đáp án D', N'B', N'GV030001')
--INSERT INTO BoDe VALUES (N'KTCT ', 375, N'B', N'Nội dung câu hỏi số 375 trình độ B. Đáp Án B.', N'Đáp án A', N'Đáp án B', N'Đáp án C', N'Đáp án D', N'B', N'GV030001')
--INSERT INTO BoDe VALUES (N'KTCT ', 376, N'B', N'Nội dung câu hỏi số 376 trình độ B. Đáp Án B.', N'Đáp án A', N'Đáp án B', N'Đáp án C', N'Đáp án D', N'B', N'GV030001')
--INSERT INTO BoDe VALUES (N'KTCT ', 377, N'B', N'Nội dung câu hỏi số 377 trình độ B. Đáp Án B.', N'Đáp án A', N'Đáp án B', N'Đáp án C', N'Đáp án D', N'B', N'GV030001')
--INSERT INTO BoDe VALUES (N'KTCT ', 378, N'B', N'Nội dung câu hỏi số 378 trình độ B. Đáp Án B.', N'Đáp án A', N'Đáp án B', N'Đáp án C', N'Đáp án D', N'B', N'GV030001')
--INSERT INTO BoDe VALUES (N'KTCT ', 379, N'B', N'Nội dung câu hỏi số 379 trình độ B. Đáp Án B.', N'Đáp án A', N'Đáp án B', N'Đáp án C', N'Đáp án D', N'B', N'GV030001')
--INSERT INTO BoDe VALUES (N'KTCT ', 380, N'B', N'Nội dung câu hỏi số 380 trình độ B. Đáp Án B.', N'Đáp án A', N'Đáp án B', N'Đáp án C', N'Đáp án D', N'B', N'GV030001')

--INSERT INTO BoDe VALUES (N'KTCT ', 381, N'B', N'Nội dung câu hỏi số 381 trình độ B. Đáp Án C.', N'Đáp án A', N'Đáp án B', N'Đáp án C', N'Đáp án D', N'C', N'GV030001')
--INSERT INTO BoDe VALUES (N'KTCT ', 382, N'B', N'Nội dung câu hỏi số 382 trình độ B. Đáp Án C.', N'Đáp án A', N'Đáp án B', N'Đáp án C', N'Đáp án D', N'C', N'GV030001')
--INSERT INTO BoDe VALUES (N'KTCT ', 383, N'B', N'Nội dung câu hỏi số 383 trình độ B. Đáp Án C.', N'Đáp án A', N'Đáp án B', N'Đáp án C', N'Đáp án D', N'C', N'GV030001')
--INSERT INTO BoDe VALUES (N'KTCT ', 384, N'B', N'Nội dung câu hỏi số 384 trình độ B. Đáp Án C.', N'Đáp án A', N'Đáp án B', N'Đáp án C', N'Đáp án D', N'C', N'GV030001')
--INSERT INTO BoDe VALUES (N'KTCT ', 385, N'B', N'Nội dung câu hỏi số 385 trình độ B. Đáp Án C.', N'Đáp án A', N'Đáp án B', N'Đáp án C', N'Đáp án D', N'C', N'GV030001')
--INSERT INTO BoDe VALUES (N'KTCT ', 386, N'B', N'Nội dung câu hỏi số 386 trình độ B. Đáp Án C.', N'Đáp án A', N'Đáp án B', N'Đáp án C', N'Đáp án D', N'C', N'GV030001')
--INSERT INTO BoDe VALUES (N'KTCT ', 387, N'B', N'Nội dung câu hỏi số 387 trình độ B. Đáp Án C.', N'Đáp án A', N'Đáp án B', N'Đáp án C', N'Đáp án D', N'C', N'GV030001')
--INSERT INTO BoDe VALUES (N'KTCT ', 388, N'B', N'Nội dung câu hỏi số 388 trình độ B. Đáp Án C.', N'Đáp án A', N'Đáp án B', N'Đáp án C', N'Đáp án D', N'C', N'GV030001')
--INSERT INTO BoDe VALUES (N'KTCT ', 389, N'B', N'Nội dung câu hỏi số 389 trình độ B. Đáp Án C.', N'Đáp án A', N'Đáp án B', N'Đáp án C', N'Đáp án D', N'C', N'GV030001')
--INSERT INTO BoDe VALUES (N'KTCT ', 390, N'B', N'Nội dung câu hỏi số 390 trình độ B. Đáp Án C.', N'Đáp án A', N'Đáp án B', N'Đáp án C', N'Đáp án D', N'C', N'GV030001')

--INSERT INTO BoDe VALUES (N'KTCT ', 391, N'B', N'Nội dung câu hỏi số 391 trình độ B. Đáp Án D.', N'Đáp án A', N'Đáp án B', N'Đáp án C', N'Đáp án D', N'D', N'GV030001')
--INSERT INTO BoDe VALUES (N'KTCT ', 392, N'B', N'Nội dung câu hỏi số 392 trình độ B. Đáp Án D.', N'Đáp án A', N'Đáp án B', N'Đáp án C', N'Đáp án D', N'D', N'GV030001')
--INSERT INTO BoDe VALUES (N'KTCT ', 393, N'B', N'Nội dung câu hỏi số 393 trình độ B. Đáp Án D.', N'Đáp án A', N'Đáp án B', N'Đáp án C', N'Đáp án D', N'D', N'GV030001')
--INSERT INTO BoDe VALUES (N'KTCT ', 394, N'B', N'Nội dung câu hỏi số 394 trình độ B. Đáp Án D.', N'Đáp án A', N'Đáp án B', N'Đáp án C', N'Đáp án D', N'D', N'GV030001')
--INSERT INTO BoDe VALUES (N'KTCT ', 395, N'B', N'Nội dung câu hỏi số 395 trình độ B. Đáp Án D.', N'Đáp án A', N'Đáp án B', N'Đáp án C', N'Đáp án D', N'D', N'GV030001')
--INSERT INTO BoDe VALUES (N'KTCT ', 396, N'B', N'Nội dung câu hỏi số 396 trình độ B. Đáp Án D.', N'Đáp án A', N'Đáp án B', N'Đáp án C', N'Đáp án D', N'D', N'GV030001')
--INSERT INTO BoDe VALUES (N'KTCT ', 397, N'B', N'Nội dung câu hỏi số 397 trình độ B. Đáp Án D.', N'Đáp án A', N'Đáp án B', N'Đáp án C', N'Đáp án D', N'D', N'GV030001')
--INSERT INTO BoDe VALUES (N'KTCT ', 398, N'B', N'Nội dung câu hỏi số 398 trình độ B. Đáp Án D.', N'Đáp án A', N'Đáp án B', N'Đáp án C', N'Đáp án D', N'D', N'GV030001')
--INSERT INTO BoDe VALUES (N'KTCT ', 399, N'B', N'Nội dung câu hỏi số 399 trình độ B. Đáp Án D.', N'Đáp án A', N'Đáp án B', N'Đáp án C', N'Đáp án D', N'D', N'GV030001')
--INSERT INTO BoDe VALUES (N'KTCT ', 400, N'B', N'Nội dung câu hỏi số 400 trình độ B. Đáp Án D.', N'Đáp án A', N'Đáp án B', N'Đáp án C', N'Đáp án D', N'D', N'GV030001')
------------------------------------------------------------------------------------------------------------------------------------------------------------DSKTD B
--INSERT INTO BoDe VALUES (N'DSKTD', 401, N'B', N'Nội dung câu hỏi số 401 trình độ B. Đáp Án A.', N'Đáp án A', N'Đáp án B', N'Đáp án C', N'Đáp án D', N'A', N'GV030002')
--INSERT INTO BoDe VALUES (N'DSKTD', 402, N'B', N'Nội dung câu hỏi số 402 trình độ B. Đáp Án A.', N'Đáp án A', N'Đáp án B', N'Đáp án C', N'Đáp án D', N'A', N'GV030002')
--INSERT INTO BoDe VALUES (N'DSKTD', 403, N'B', N'Nội dung câu hỏi số 403 trình độ B. Đáp Án A.', N'Đáp án A', N'Đáp án B', N'Đáp án C', N'Đáp án D', N'A', N'GV030002')
--INSERT INTO BoDe VALUES (N'DSKTD', 404, N'B', N'Nội dung câu hỏi số 404 trình độ B. Đáp Án A.', N'Đáp án A', N'Đáp án B', N'Đáp án C', N'Đáp án D', N'A', N'GV030002')
--INSERT INTO BoDe VALUES (N'DSKTD', 405, N'B', N'Nội dung câu hỏi số 405 trình độ B. Đáp Án A.', N'Đáp án A', N'Đáp án B', N'Đáp án C', N'Đáp án D', N'A', N'GV030002')
--INSERT INTO BoDe VALUES (N'DSKTD', 406, N'B', N'Nội dung câu hỏi số 406 trình độ B. Đáp Án A.', N'Đáp án A', N'Đáp án B', N'Đáp án C', N'Đáp án D', N'A', N'GV030002')
--INSERT INTO BoDe VALUES (N'DSKTD', 407, N'B', N'Nội dung câu hỏi số 407 trình độ B. Đáp Án A.', N'Đáp án A', N'Đáp án B', N'Đáp án C', N'Đáp án D', N'A', N'GV030002')
--INSERT INTO BoDe VALUES (N'DSKTD', 408, N'B', N'Nội dung câu hỏi số 408 trình độ B. Đáp Án A.', N'Đáp án A', N'Đáp án B', N'Đáp án C', N'Đáp án D', N'A', N'GV030002')
--INSERT INTO BoDe VALUES (N'DSKTD', 409, N'B', N'Nội dung câu hỏi số 409 trình độ B. Đáp Án A.', N'Đáp án A', N'Đáp án B', N'Đáp án C', N'Đáp án D', N'A', N'GV030002')
--INSERT INTO BoDe VALUES (N'DSKTD', 410, N'B', N'Nội dung câu hỏi số 410 trình độ B. Đáp Án A.', N'Đáp án A', N'Đáp án B', N'Đáp án C', N'Đáp án D', N'A', N'GV030002')

--INSERT INTO BoDe VALUES (N'DSKTD', 411, N'B', N'Nội dung câu hỏi số 411 trình độ B. Đáp Án B.', N'Đáp án A', N'Đáp án B', N'Đáp án C', N'Đáp án D', N'B', N'GV030002')
--INSERT INTO BoDe VALUES (N'DSKTD', 412, N'B', N'Nội dung câu hỏi số 412 trình độ B. Đáp Án B.', N'Đáp án A', N'Đáp án B', N'Đáp án C', N'Đáp án D', N'B', N'GV030002')
--INSERT INTO BoDe VALUES (N'DSKTD', 413, N'B', N'Nội dung câu hỏi số 413 trình độ B. Đáp Án B.', N'Đáp án A', N'Đáp án B', N'Đáp án C', N'Đáp án D', N'B', N'GV030002')
--INSERT INTO BoDe VALUES (N'DSKTD', 414, N'B', N'Nội dung câu hỏi số 414 trình độ B. Đáp Án B.', N'Đáp án A', N'Đáp án B', N'Đáp án C', N'Đáp án D', N'B', N'GV030002')
--INSERT INTO BoDe VALUES (N'DSKTD', 415, N'B', N'Nội dung câu hỏi số 415 trình độ B. Đáp Án B.', N'Đáp án A', N'Đáp án B', N'Đáp án C', N'Đáp án D', N'B', N'GV030002')
--INSERT INTO BoDe VALUES (N'DSKTD', 416, N'B', N'Nội dung câu hỏi số 416 trình độ B. Đáp Án B.', N'Đáp án A', N'Đáp án B', N'Đáp án C', N'Đáp án D', N'B', N'GV030002')
--INSERT INTO BoDe VALUES (N'DSKTD', 417, N'B', N'Nội dung câu hỏi số 417 trình độ B. Đáp Án B.', N'Đáp án A', N'Đáp án B', N'Đáp án C', N'Đáp án D', N'B', N'GV030002')
--INSERT INTO BoDe VALUES (N'DSKTD', 418, N'B', N'Nội dung câu hỏi số 418 trình độ B. Đáp Án B.', N'Đáp án A', N'Đáp án B', N'Đáp án C', N'Đáp án D', N'B', N'GV030002')
--INSERT INTO BoDe VALUES (N'DSKTD', 419, N'B', N'Nội dung câu hỏi số 419 trình độ B. Đáp Án B.', N'Đáp án A', N'Đáp án B', N'Đáp án C', N'Đáp án D', N'B', N'GV030002')
--INSERT INTO BoDe VALUES (N'DSKTD', 420, N'B', N'Nội dung câu hỏi số 420 trình độ B. Đáp Án B.', N'Đáp án A', N'Đáp án B', N'Đáp án C', N'Đáp án D', N'B', N'GV030002')

--INSERT INTO BoDe VALUES (N'DSKTD', 421, N'B', N'Nội dung câu hỏi số 421 trình độ B. Đáp Án C.', N'Đáp án A', N'Đáp án B', N'Đáp án C', N'Đáp án D', N'C', N'GV030002')
--INSERT INTO BoDe VALUES (N'DSKTD', 422, N'B', N'Nội dung câu hỏi số 422 trình độ B. Đáp Án C.', N'Đáp án A', N'Đáp án B', N'Đáp án C', N'Đáp án D', N'C', N'GV030002')
--INSERT INTO BoDe VALUES (N'DSKTD', 423, N'B', N'Nội dung câu hỏi số 423 trình độ B. Đáp Án C.', N'Đáp án A', N'Đáp án B', N'Đáp án C', N'Đáp án D', N'C', N'GV030002')
--INSERT INTO BoDe VALUES (N'DSKTD', 424, N'B', N'Nội dung câu hỏi số 424 trình độ B. Đáp Án C.', N'Đáp án A', N'Đáp án B', N'Đáp án C', N'Đáp án D', N'C', N'GV030002')
--INSERT INTO BoDe VALUES (N'DSKTD', 425, N'B', N'Nội dung câu hỏi số 425 trình độ B. Đáp Án C.', N'Đáp án A', N'Đáp án B', N'Đáp án C', N'Đáp án D', N'C', N'GV030002')
--INSERT INTO BoDe VALUES (N'DSKTD', 426, N'B', N'Nội dung câu hỏi số 426 trình độ B. Đáp Án C.', N'Đáp án A', N'Đáp án B', N'Đáp án C', N'Đáp án D', N'C', N'GV030002')
--INSERT INTO BoDe VALUES (N'DSKTD', 427, N'B', N'Nội dung câu hỏi số 427 trình độ B. Đáp Án C.', N'Đáp án A', N'Đáp án B', N'Đáp án C', N'Đáp án D', N'C', N'GV030002')
--INSERT INTO BoDe VALUES (N'DSKTD', 428, N'B', N'Nội dung câu hỏi số 428 trình độ B. Đáp Án C.', N'Đáp án A', N'Đáp án B', N'Đáp án C', N'Đáp án D', N'C', N'GV030002')
--INSERT INTO BoDe VALUES (N'DSKTD', 429, N'B', N'Nội dung câu hỏi số 429 trình độ B. Đáp Án C.', N'Đáp án A', N'Đáp án B', N'Đáp án C', N'Đáp án D', N'C', N'GV030002')
--INSERT INTO BoDe VALUES (N'DSKTD', 430, N'B', N'Nội dung câu hỏi số 430 trình độ B. Đáp Án C.', N'Đáp án A', N'Đáp án B', N'Đáp án C', N'Đáp án D', N'C', N'GV030002')

--INSERT INTO BoDe VALUES (N'DSKTD', 431, N'B', N'Nội dung câu hỏi số 431 trình độ B. Đáp Án D.', N'Đáp án A', N'Đáp án B', N'Đáp án C', N'Đáp án D', N'D', N'GV030002')
--INSERT INTO BoDe VALUES (N'DSKTD', 432, N'B', N'Nội dung câu hỏi số 432 trình độ B. Đáp Án D.', N'Đáp án A', N'Đáp án B', N'Đáp án C', N'Đáp án D', N'D', N'GV030002')
--INSERT INTO BoDe VALUES (N'DSKTD', 433, N'B', N'Nội dung câu hỏi số 433 trình độ B. Đáp Án D.', N'Đáp án A', N'Đáp án B', N'Đáp án C', N'Đáp án D', N'D', N'GV030002')
--INSERT INTO BoDe VALUES (N'DSKTD', 434, N'B', N'Nội dung câu hỏi số 434 trình độ B. Đáp Án D.', N'Đáp án A', N'Đáp án B', N'Đáp án C', N'Đáp án D', N'D', N'GV030002')
--INSERT INTO BoDe VALUES (N'DSKTD', 435, N'B', N'Nội dung câu hỏi số 435 trình độ B. Đáp Án D.', N'Đáp án A', N'Đáp án B', N'Đáp án C', N'Đáp án D', N'D', N'GV030002')
--INSERT INTO BoDe VALUES (N'DSKTD', 436, N'B', N'Nội dung câu hỏi số 436 trình độ B. Đáp Án D.', N'Đáp án A', N'Đáp án B', N'Đáp án C', N'Đáp án D', N'D', N'GV030002')
--INSERT INTO BoDe VALUES (N'DSKTD', 437, N'B', N'Nội dung câu hỏi số 437 trình độ B. Đáp Án D.', N'Đáp án A', N'Đáp án B', N'Đáp án C', N'Đáp án D', N'D', N'GV030002')
--INSERT INTO BoDe VALUES (N'DSKTD', 438, N'B', N'Nội dung câu hỏi số 438 trình độ B. Đáp Án D.', N'Đáp án A', N'Đáp án B', N'Đáp án C', N'Đáp án D', N'D', N'GV030002')
--INSERT INTO BoDe VALUES (N'DSKTD', 439, N'B', N'Nội dung câu hỏi số 439 trình độ B. Đáp Án D.', N'Đáp án A', N'Đáp án B', N'Đáp án C', N'Đáp án D', N'D', N'GV030002')
--INSERT INTO BoDe VALUES (N'DSKTD', 440, N'B', N'Nội dung câu hỏi số 440 trình độ B. Đáp Án D.', N'Đáp án A', N'Đáp án B', N'Đáp án C', N'Đáp án D', N'D', N'GV030002')
------------------------------------------------------------------------------------------------------------------------------------------------------------DSKTD C
--INSERT INTO BoDe VALUES (N'DSKTD', 441, N'C', N'Nội dung câu hỏi số 441 trình độ A. Đáp Án A.', N'Đáp án A', N'Đáp án B', N'Đáp án C', N'Đáp án D', N'A', N'GV030002')
--INSERT INTO BoDe VALUES (N'DSKTD', 442, N'C', N'Nội dung câu hỏi số 442 trình độ A. Đáp Án A.', N'Đáp án A', N'Đáp án B', N'Đáp án C', N'Đáp án D', N'A', N'GV030002')
--INSERT INTO BoDe VALUES (N'DSKTD', 443, N'C', N'Nội dung câu hỏi số 443 trình độ A. Đáp Án A.', N'Đáp án A', N'Đáp án B', N'Đáp án C', N'Đáp án D', N'A', N'GV030002')
--INSERT INTO BoDe VALUES (N'DSKTD', 444, N'C', N'Nội dung câu hỏi số 444 trình độ A. Đáp Án A.', N'Đáp án A', N'Đáp án B', N'Đáp án C', N'Đáp án D', N'A', N'GV030002')
--INSERT INTO BoDe VALUES (N'DSKTD', 445, N'C', N'Nội dung câu hỏi số 445 trình độ A. Đáp Án A.', N'Đáp án A', N'Đáp án B', N'Đáp án C', N'Đáp án D', N'A', N'GV030002')
--INSERT INTO BoDe VALUES (N'DSKTD', 446, N'C', N'Nội dung câu hỏi số 446 trình độ A. Đáp Án A.', N'Đáp án A', N'Đáp án B', N'Đáp án C', N'Đáp án D', N'A', N'GV030002')
--INSERT INTO BoDe VALUES (N'DSKTD', 447, N'C', N'Nội dung câu hỏi số 447 trình độ A. Đáp Án A.', N'Đáp án A', N'Đáp án B', N'Đáp án C', N'Đáp án D', N'A', N'GV030002')
--INSERT INTO BoDe VALUES (N'DSKTD', 448, N'C', N'Nội dung câu hỏi số 448 trình độ A. Đáp Án A.', N'Đáp án A', N'Đáp án B', N'Đáp án C', N'Đáp án D', N'A', N'GV030002')
--INSERT INTO BoDe VALUES (N'DSKTD', 449, N'C', N'Nội dung câu hỏi số 449 trình độ A. Đáp Án A.', N'Đáp án A', N'Đáp án B', N'Đáp án C', N'Đáp án D', N'A', N'GV030002')
--INSERT INTO BoDe VALUES (N'DSKTD', 450, N'C', N'Nội dung câu hỏi số 450 trình độ A. Đáp Án A.', N'Đáp án A', N'Đáp án B', N'Đáp án C', N'Đáp án D', N'A', N'GV030002')

--INSERT INTO BoDe VALUES (N'DSKTD', 451, N'C', N'Nội dung câu hỏi số 451 trình độ A. Đáp Án B.', N'Đáp án A', N'Đáp án B', N'Đáp án C', N'Đáp án D', N'B', N'GV030002')
--INSERT INTO BoDe VALUES (N'DSKTD', 452, N'C', N'Nội dung câu hỏi số 452 trình độ A. Đáp Án B.', N'Đáp án A', N'Đáp án B', N'Đáp án C', N'Đáp án D', N'B', N'GV030002')
--INSERT INTO BoDe VALUES (N'DSKTD', 453, N'C', N'Nội dung câu hỏi số 453 trình độ A. Đáp Án B.', N'Đáp án A', N'Đáp án B', N'Đáp án C', N'Đáp án D', N'B', N'GV030002')
--INSERT INTO BoDe VALUES (N'DSKTD', 454, N'C', N'Nội dung câu hỏi số 454 trình độ A. Đáp Án B.', N'Đáp án A', N'Đáp án B', N'Đáp án C', N'Đáp án D', N'B', N'GV030002')
--INSERT INTO BoDe VALUES (N'DSKTD', 455, N'C', N'Nội dung câu hỏi số 455 trình độ A. Đáp Án B.', N'Đáp án A', N'Đáp án B', N'Đáp án C', N'Đáp án D', N'B', N'GV030002')
--INSERT INTO BoDe VALUES (N'DSKTD', 456, N'C', N'Nội dung câu hỏi số 456 trình độ A. Đáp Án B.', N'Đáp án A', N'Đáp án B', N'Đáp án C', N'Đáp án D', N'B', N'GV030002')
--INSERT INTO BoDe VALUES (N'DSKTD', 457, N'C', N'Nội dung câu hỏi số 457 trình độ A. Đáp Án B.', N'Đáp án A', N'Đáp án B', N'Đáp án C', N'Đáp án D', N'B', N'GV030002')
--INSERT INTO BoDe VALUES (N'DSKTD', 458, N'C', N'Nội dung câu hỏi số 458 trình độ A. Đáp Án B.', N'Đáp án A', N'Đáp án B', N'Đáp án C', N'Đáp án D', N'B', N'GV030002')
--INSERT INTO BoDe VALUES (N'DSKTD', 459, N'C', N'Nội dung câu hỏi số 459 trình độ A. Đáp Án B.', N'Đáp án A', N'Đáp án B', N'Đáp án C', N'Đáp án D', N'B', N'GV030002')
--INSERT INTO BoDe VALUES (N'DSKTD', 460, N'C', N'Nội dung câu hỏi số 460 trình độ A. Đáp Án B.', N'Đáp án A', N'Đáp án B', N'Đáp án C', N'Đáp án D', N'B', N'GV030002')

--INSERT INTO BoDe VALUES (N'DSKTD', 461, N'C', N'Nội dung câu hỏi số 461 trình độ A. Đáp Án C.', N'Đáp án A', N'Đáp án B', N'Đáp án C', N'Đáp án D', N'C', N'GV030002')
--INSERT INTO BoDe VALUES (N'DSKTD', 462, N'C', N'Nội dung câu hỏi số 462 trình độ A. Đáp Án C.', N'Đáp án A', N'Đáp án B', N'Đáp án C', N'Đáp án D', N'C', N'GV030002')
--INSERT INTO BoDe VALUES (N'DSKTD', 463, N'C', N'Nội dung câu hỏi số 463 trình độ A. Đáp Án C.', N'Đáp án A', N'Đáp án B', N'Đáp án C', N'Đáp án D', N'C', N'GV030002')
--INSERT INTO BoDe VALUES (N'DSKTD', 464, N'C', N'Nội dung câu hỏi số 464 trình độ A. Đáp Án C.', N'Đáp án A', N'Đáp án B', N'Đáp án C', N'Đáp án D', N'C', N'GV030002')
--INSERT INTO BoDe VALUES (N'DSKTD', 465, N'C', N'Nội dung câu hỏi số 465 trình độ A. Đáp Án C.', N'Đáp án A', N'Đáp án B', N'Đáp án C', N'Đáp án D', N'C', N'GV030002')
--INSERT INTO BoDe VALUES (N'DSKTD', 466, N'C', N'Nội dung câu hỏi số 466 trình độ A. Đáp Án C.', N'Đáp án A', N'Đáp án B', N'Đáp án C', N'Đáp án D', N'C', N'GV030002')
--INSERT INTO BoDe VALUES (N'DSKTD', 467, N'C', N'Nội dung câu hỏi số 467 trình độ A. Đáp Án C.', N'Đáp án A', N'Đáp án B', N'Đáp án C', N'Đáp án D', N'C', N'GV030002')
--INSERT INTO BoDe VALUES (N'DSKTD', 468, N'C', N'Nội dung câu hỏi số 468 trình độ A. Đáp Án C.', N'Đáp án A', N'Đáp án B', N'Đáp án C', N'Đáp án D', N'C', N'GV030002')
--INSERT INTO BoDe VALUES (N'DSKTD', 469, N'C', N'Nội dung câu hỏi số 469 trình độ A. Đáp Án C.', N'Đáp án A', N'Đáp án B', N'Đáp án C', N'Đáp án D', N'C', N'GV030002')
--INSERT INTO BoDe VALUES (N'DSKTD', 470, N'C', N'Nội dung câu hỏi số 470 trình độ A. Đáp Án C.', N'Đáp án A', N'Đáp án B', N'Đáp án C', N'Đáp án D', N'C', N'GV030002')

--INSERT INTO BoDe VALUES (N'DSKTD', 471, N'C', N'Nội dung câu hỏi số 471 trình độ A. Đáp Án D.', N'Đáp án A', N'Đáp án B', N'Đáp án C', N'Đáp án D', N'D', N'GV030002')
--INSERT INTO BoDe VALUES (N'DSKTD', 472, N'C', N'Nội dung câu hỏi số 472 trình độ A. Đáp Án D.', N'Đáp án A', N'Đáp án B', N'Đáp án C', N'Đáp án D', N'D', N'GV030002')
--INSERT INTO BoDe VALUES (N'DSKTD', 473, N'C', N'Nội dung câu hỏi số 473 trình độ A. Đáp Án D.', N'Đáp án A', N'Đáp án B', N'Đáp án C', N'Đáp án D', N'D', N'GV030002')
--INSERT INTO BoDe VALUES (N'DSKTD', 474, N'C', N'Nội dung câu hỏi số 474 trình độ A. Đáp Án D.', N'Đáp án A', N'Đáp án B', N'Đáp án C', N'Đáp án D', N'D', N'GV030002')
--INSERT INTO BoDe VALUES (N'DSKTD', 475, N'C', N'Nội dung câu hỏi số 475 trình độ A. Đáp Án D.', N'Đáp án A', N'Đáp án B', N'Đáp án C', N'Đáp án D', N'D', N'GV030002')
--INSERT INTO BoDe VALUES (N'DSKTD', 476, N'C', N'Nội dung câu hỏi số 476 trình độ A. Đáp Án D.', N'Đáp án A', N'Đáp án B', N'Đáp án C', N'Đáp án D', N'D', N'GV030002')
--INSERT INTO BoDe VALUES (N'DSKTD', 477, N'C', N'Nội dung câu hỏi số 477 trình độ A. Đáp Án D.', N'Đáp án A', N'Đáp án B', N'Đáp án C', N'Đáp án D', N'D', N'GV030002')
--INSERT INTO BoDe VALUES (N'DSKTD', 478, N'C', N'Nội dung câu hỏi số 478 trình độ A. Đáp Án D.', N'Đáp án A', N'Đáp án B', N'Đáp án C', N'Đáp án D', N'D', N'GV030002')
--INSERT INTO BoDe VALUES (N'DSKTD', 479, N'C', N'Nội dung câu hỏi số 479 trình độ A. Đáp Án D.', N'Đáp án A', N'Đáp án B', N'Đáp án C', N'Đáp án D', N'D', N'GV030002')
--INSERT INTO BoDe VALUES (N'DSKTD', 480, N'C', N'Nội dung câu hỏi số 480 trình độ A. Đáp Án D.', N'Đáp án A', N'Đáp án B', N'Đáp án C', N'Đáp án D', N'D', N'GV030002')
------------------------------------------------------------------------------------------------------------------------------------------------------------NLKT  A
--INSERT INTO BoDe VALUES (N'NLKT ', 481, N'A', N'Nội dung câu hỏi số 481 trình độ A. Đáp Án A.', N'Đáp án A', N'Đáp án B', N'Đáp án C', N'Đáp án D', N'A', N'GV040001')
--INSERT INTO BoDe VALUES (N'NLKT ', 482, N'A', N'Nội dung câu hỏi số 482 trình độ A. Đáp Án A.', N'Đáp án A', N'Đáp án B', N'Đáp án C', N'Đáp án D', N'A', N'GV040001')
--INSERT INTO BoDe VALUES (N'NLKT ', 483, N'A', N'Nội dung câu hỏi số 483 trình độ A. Đáp Án A.', N'Đáp án A', N'Đáp án B', N'Đáp án C', N'Đáp án D', N'A', N'GV040001')
--INSERT INTO BoDe VALUES (N'NLKT ', 484, N'A', N'Nội dung câu hỏi số 484 trình độ A. Đáp Án A.', N'Đáp án A', N'Đáp án B', N'Đáp án C', N'Đáp án D', N'A', N'GV040001')
--INSERT INTO BoDe VALUES (N'NLKT ', 485, N'A', N'Nội dung câu hỏi số 485 trình độ A. Đáp Án A.', N'Đáp án A', N'Đáp án B', N'Đáp án C', N'Đáp án D', N'A', N'GV040001')
--INSERT INTO BoDe VALUES (N'NLKT ', 486, N'A', N'Nội dung câu hỏi số 486 trình độ A. Đáp Án A.', N'Đáp án A', N'Đáp án B', N'Đáp án C', N'Đáp án D', N'A', N'GV040001')
--INSERT INTO BoDe VALUES (N'NLKT ', 487, N'A', N'Nội dung câu hỏi số 487 trình độ A. Đáp Án A.', N'Đáp án A', N'Đáp án B', N'Đáp án C', N'Đáp án D', N'A', N'GV040001')
--INSERT INTO BoDe VALUES (N'NLKT ', 488, N'A', N'Nội dung câu hỏi số 488 trình độ A. Đáp Án A.', N'Đáp án A', N'Đáp án B', N'Đáp án C', N'Đáp án D', N'A', N'GV040001')
--INSERT INTO BoDe VALUES (N'NLKT ', 489, N'A', N'Nội dung câu hỏi số 489 trình độ A. Đáp Án A.', N'Đáp án A', N'Đáp án B', N'Đáp án C', N'Đáp án D', N'A', N'GV040001')
--INSERT INTO BoDe VALUES (N'NLKT ', 490, N'A', N'Nội dung câu hỏi số 490 trình độ A. Đáp Án A.', N'Đáp án A', N'Đáp án B', N'Đáp án C', N'Đáp án D', N'A', N'GV040001')

--INSERT INTO BoDe VALUES (N'NLKT ', 491, N'A', N'Nội dung câu hỏi số 491 trình độ A. Đáp Án B.', N'Đáp án A', N'Đáp án B', N'Đáp án C', N'Đáp án D', N'B', N'GV040001')
--INSERT INTO BoDe VALUES (N'NLKT ', 492, N'A', N'Nội dung câu hỏi số 492 trình độ A. Đáp Án B.', N'Đáp án A', N'Đáp án B', N'Đáp án C', N'Đáp án D', N'B', N'GV040001')
--INSERT INTO BoDe VALUES (N'NLKT ', 493, N'A', N'Nội dung câu hỏi số 493 trình độ A. Đáp Án B.', N'Đáp án A', N'Đáp án B', N'Đáp án C', N'Đáp án D', N'B', N'GV040001')
--INSERT INTO BoDe VALUES (N'NLKT ', 494, N'A', N'Nội dung câu hỏi số 494 trình độ A. Đáp Án B.', N'Đáp án A', N'Đáp án B', N'Đáp án C', N'Đáp án D', N'B', N'GV040001')
--INSERT INTO BoDe VALUES (N'NLKT ', 495, N'A', N'Nội dung câu hỏi số 495 trình độ A. Đáp Án B.', N'Đáp án A', N'Đáp án B', N'Đáp án C', N'Đáp án D', N'B', N'GV040001')
--INSERT INTO BoDe VALUES (N'NLKT ', 496, N'A', N'Nội dung câu hỏi số 496 trình độ A. Đáp Án B.', N'Đáp án A', N'Đáp án B', N'Đáp án C', N'Đáp án D', N'B', N'GV040001')
--INSERT INTO BoDe VALUES (N'NLKT ', 497, N'A', N'Nội dung câu hỏi số 497 trình độ A. Đáp Án B.', N'Đáp án A', N'Đáp án B', N'Đáp án C', N'Đáp án D', N'B', N'GV040001')
--INSERT INTO BoDe VALUES (N'NLKT ', 498, N'A', N'Nội dung câu hỏi số 498 trình độ A. Đáp Án B.', N'Đáp án A', N'Đáp án B', N'Đáp án C', N'Đáp án D', N'B', N'GV040001')
--INSERT INTO BoDe VALUES (N'NLKT ', 499, N'A', N'Nội dung câu hỏi số 499 trình độ A. Đáp Án B.', N'Đáp án A', N'Đáp án B', N'Đáp án C', N'Đáp án D', N'B', N'GV040001')
--INSERT INTO BoDe VALUES (N'NLKT ', 500, N'A', N'Nội dung câu hỏi số 500 trình độ A. Đáp Án B.', N'Đáp án A', N'Đáp án B', N'Đáp án C', N'Đáp án D', N'B', N'GV040001')

--INSERT INTO BoDe VALUES (N'NLKT ', 501, N'A', N'Nội dung câu hỏi số 501 trình độ A. Đáp Án C.', N'Đáp án A', N'Đáp án B', N'Đáp án C', N'Đáp án D', N'C', N'GV040001')
--INSERT INTO BoDe VALUES (N'NLKT ', 502, N'A', N'Nội dung câu hỏi số 502 trình độ A. Đáp Án C.', N'Đáp án A', N'Đáp án B', N'Đáp án C', N'Đáp án D', N'C', N'GV040001')
--INSERT INTO BoDe VALUES (N'NLKT ', 503, N'A', N'Nội dung câu hỏi số 503 trình độ A. Đáp Án C.', N'Đáp án A', N'Đáp án B', N'Đáp án C', N'Đáp án D', N'C', N'GV040001')
--INSERT INTO BoDe VALUES (N'NLKT ', 504, N'A', N'Nội dung câu hỏi số 504 trình độ A. Đáp Án C.', N'Đáp án A', N'Đáp án B', N'Đáp án C', N'Đáp án D', N'C', N'GV040001')
--INSERT INTO BoDe VALUES (N'NLKT ', 505, N'A', N'Nội dung câu hỏi số 505 trình độ A. Đáp Án C.', N'Đáp án A', N'Đáp án B', N'Đáp án C', N'Đáp án D', N'C', N'GV040001')
--INSERT INTO BoDe VALUES (N'NLKT ', 506, N'A', N'Nội dung câu hỏi số 506 trình độ A. Đáp Án C.', N'Đáp án A', N'Đáp án B', N'Đáp án C', N'Đáp án D', N'C', N'GV040001')
--INSERT INTO BoDe VALUES (N'NLKT ', 507, N'A', N'Nội dung câu hỏi số 507 trình độ A. Đáp Án C.', N'Đáp án A', N'Đáp án B', N'Đáp án C', N'Đáp án D', N'C', N'GV040001')
--INSERT INTO BoDe VALUES (N'NLKT ', 508, N'A', N'Nội dung câu hỏi số 508 trình độ A. Đáp Án C.', N'Đáp án A', N'Đáp án B', N'Đáp án C', N'Đáp án D', N'C', N'GV040001')
--INSERT INTO BoDe VALUES (N'NLKT ', 509, N'A', N'Nội dung câu hỏi số 509 trình độ A. Đáp Án C.', N'Đáp án A', N'Đáp án B', N'Đáp án C', N'Đáp án D', N'C', N'GV040001')
--INSERT INTO BoDe VALUES (N'NLKT ', 510, N'A', N'Nội dung câu hỏi số 510 trình độ A. Đáp Án C.', N'Đáp án A', N'Đáp án B', N'Đáp án C', N'Đáp án D', N'C', N'GV040001')

--INSERT INTO BoDe VALUES (N'NLKT ', 511, N'A', N'Nội dung câu hỏi số 511 trình độ A. Đáp Án D.', N'Đáp án A', N'Đáp án B', N'Đáp án C', N'Đáp án D', N'D', N'GV040001')
--INSERT INTO BoDe VALUES (N'NLKT ', 512, N'A', N'Nội dung câu hỏi số 512 trình độ A. Đáp Án D.', N'Đáp án A', N'Đáp án B', N'Đáp án C', N'Đáp án D', N'D', N'GV040001')
--INSERT INTO BoDe VALUES (N'NLKT ', 513, N'A', N'Nội dung câu hỏi số 513 trình độ A. Đáp Án D.', N'Đáp án A', N'Đáp án B', N'Đáp án C', N'Đáp án D', N'D', N'GV040001')
--INSERT INTO BoDe VALUES (N'NLKT ', 514, N'A', N'Nội dung câu hỏi số 514 trình độ A. Đáp Án D.', N'Đáp án A', N'Đáp án B', N'Đáp án C', N'Đáp án D', N'D', N'GV040001')
--INSERT INTO BoDe VALUES (N'NLKT ', 515, N'A', N'Nội dung câu hỏi số 515 trình độ A. Đáp Án D.', N'Đáp án A', N'Đáp án B', N'Đáp án C', N'Đáp án D', N'D', N'GV040001')
--INSERT INTO BoDe VALUES (N'NLKT ', 516, N'A', N'Nội dung câu hỏi số 516 trình độ A. Đáp Án D.', N'Đáp án A', N'Đáp án B', N'Đáp án C', N'Đáp án D', N'D', N'GV040001')
--INSERT INTO BoDe VALUES (N'NLKT ', 517, N'A', N'Nội dung câu hỏi số 517 trình độ A. Đáp Án D.', N'Đáp án A', N'Đáp án B', N'Đáp án C', N'Đáp án D', N'D', N'GV040001')
--INSERT INTO BoDe VALUES (N'NLKT ', 518, N'A', N'Nội dung câu hỏi số 518 trình độ A. Đáp Án D.', N'Đáp án A', N'Đáp án B', N'Đáp án C', N'Đáp án D', N'D', N'GV040001')
--INSERT INTO BoDe VALUES (N'NLKT ', 519, N'A', N'Nội dung câu hỏi số 519 trình độ A. Đáp Án D.', N'Đáp án A', N'Đáp án B', N'Đáp án C', N'Đáp án D', N'D', N'GV040001')
--INSERT INTO BoDe VALUES (N'NLKT ', 520, N'A', N'Nội dung câu hỏi số 520 trình độ A. Đáp Án D.', N'Đáp án A', N'Đáp án B', N'Đáp án C', N'Đáp án D', N'D', N'GV040001')
------------------------------------------------------------------------------------------------------------------------------------------------------------NLKT  B
--INSERT INTO BoDe VALUES (N'NLKT ', 521, N'B', N'Nội dung câu hỏi số 521 trình độ A. Đáp Án A.', N'Đáp án A', N'Đáp án B', N'Đáp án C', N'Đáp án D', N'A', N'GV040001')
--INSERT INTO BoDe VALUES (N'NLKT ', 522, N'B', N'Nội dung câu hỏi số 522 trình độ A. Đáp Án A.', N'Đáp án A', N'Đáp án B', N'Đáp án C', N'Đáp án D', N'A', N'GV040001')
--INSERT INTO BoDe VALUES (N'NLKT ', 523, N'B', N'Nội dung câu hỏi số 523 trình độ A. Đáp Án A.', N'Đáp án A', N'Đáp án B', N'Đáp án C', N'Đáp án D', N'A', N'GV040001')
--INSERT INTO BoDe VALUES (N'NLKT ', 524, N'B', N'Nội dung câu hỏi số 524 trình độ A. Đáp Án A.', N'Đáp án A', N'Đáp án B', N'Đáp án C', N'Đáp án D', N'A', N'GV040001')
--INSERT INTO BoDe VALUES (N'NLKT ', 525, N'B', N'Nội dung câu hỏi số 525 trình độ A. Đáp Án A.', N'Đáp án A', N'Đáp án B', N'Đáp án C', N'Đáp án D', N'A', N'GV040001')
--INSERT INTO BoDe VALUES (N'NLKT ', 526, N'B', N'Nội dung câu hỏi số 526 trình độ A. Đáp Án A.', N'Đáp án A', N'Đáp án B', N'Đáp án C', N'Đáp án D', N'A', N'GV040001')
--INSERT INTO BoDe VALUES (N'NLKT ', 527, N'B', N'Nội dung câu hỏi số 527 trình độ A. Đáp Án A.', N'Đáp án A', N'Đáp án B', N'Đáp án C', N'Đáp án D', N'A', N'GV040001')
--INSERT INTO BoDe VALUES (N'NLKT ', 528, N'B', N'Nội dung câu hỏi số 528 trình độ A. Đáp Án A.', N'Đáp án A', N'Đáp án B', N'Đáp án C', N'Đáp án D', N'A', N'GV040001')
--INSERT INTO BoDe VALUES (N'NLKT ', 529, N'B', N'Nội dung câu hỏi số 529 trình độ A. Đáp Án A.', N'Đáp án A', N'Đáp án B', N'Đáp án C', N'Đáp án D', N'A', N'GV040001')
--INSERT INTO BoDe VALUES (N'NLKT ', 530, N'B', N'Nội dung câu hỏi số 530 trình độ A. Đáp Án A.', N'Đáp án A', N'Đáp án B', N'Đáp án C', N'Đáp án D', N'A', N'GV040001')

--INSERT INTO BoDe VALUES (N'NLKT ', 531, N'B', N'Nội dung câu hỏi số 531 trình độ A. Đáp Án B.', N'Đáp án A', N'Đáp án B', N'Đáp án C', N'Đáp án D', N'B', N'GV040001')
--INSERT INTO BoDe VALUES (N'NLKT ', 532, N'B', N'Nội dung câu hỏi số 532 trình độ A. Đáp Án B.', N'Đáp án A', N'Đáp án B', N'Đáp án C', N'Đáp án D', N'B', N'GV040001')
--INSERT INTO BoDe VALUES (N'NLKT ', 533, N'B', N'Nội dung câu hỏi số 533 trình độ A. Đáp Án B.', N'Đáp án A', N'Đáp án B', N'Đáp án C', N'Đáp án D', N'B', N'GV040001')
--INSERT INTO BoDe VALUES (N'NLKT ', 534, N'B', N'Nội dung câu hỏi số 534 trình độ A. Đáp Án B.', N'Đáp án A', N'Đáp án B', N'Đáp án C', N'Đáp án D', N'B', N'GV040001')
--INSERT INTO BoDe VALUES (N'NLKT ', 535, N'B', N'Nội dung câu hỏi số 535 trình độ A. Đáp Án B.', N'Đáp án A', N'Đáp án B', N'Đáp án C', N'Đáp án D', N'B', N'GV040001')
--INSERT INTO BoDe VALUES (N'NLKT ', 536, N'B', N'Nội dung câu hỏi số 536 trình độ A. Đáp Án B.', N'Đáp án A', N'Đáp án B', N'Đáp án C', N'Đáp án D', N'B', N'GV040001')
--INSERT INTO BoDe VALUES (N'NLKT ', 537, N'B', N'Nội dung câu hỏi số 537 trình độ A. Đáp Án B.', N'Đáp án A', N'Đáp án B', N'Đáp án C', N'Đáp án D', N'B', N'GV040001')
--INSERT INTO BoDe VALUES (N'NLKT ', 538, N'B', N'Nội dung câu hỏi số 538 trình độ A. Đáp Án B.', N'Đáp án A', N'Đáp án B', N'Đáp án C', N'Đáp án D', N'B', N'GV040001')
--INSERT INTO BoDe VALUES (N'NLKT ', 539, N'B', N'Nội dung câu hỏi số 539 trình độ A. Đáp Án B.', N'Đáp án A', N'Đáp án B', N'Đáp án C', N'Đáp án D', N'B', N'GV040001')
--INSERT INTO BoDe VALUES (N'NLKT ', 540, N'B', N'Nội dung câu hỏi số 540 trình độ A. Đáp Án B.', N'Đáp án A', N'Đáp án B', N'Đáp án C', N'Đáp án D', N'B', N'GV040001')

--INSERT INTO BoDe VALUES (N'NLKT ', 541, N'B', N'Nội dung câu hỏi số 541 trình độ A. Đáp Án C.', N'Đáp án A', N'Đáp án B', N'Đáp án C', N'Đáp án D', N'C', N'GV040001')
--INSERT INTO BoDe VALUES (N'NLKT ', 542, N'B', N'Nội dung câu hỏi số 542 trình độ A. Đáp Án C.', N'Đáp án A', N'Đáp án B', N'Đáp án C', N'Đáp án D', N'C', N'GV040001')
--INSERT INTO BoDe VALUES (N'NLKT ', 543, N'B', N'Nội dung câu hỏi số 543 trình độ A. Đáp Án C.', N'Đáp án A', N'Đáp án B', N'Đáp án C', N'Đáp án D', N'C', N'GV040001')
--INSERT INTO BoDe VALUES (N'NLKT ', 544, N'B', N'Nội dung câu hỏi số 544 trình độ A. Đáp Án C.', N'Đáp án A', N'Đáp án B', N'Đáp án C', N'Đáp án D', N'C', N'GV040001')
--INSERT INTO BoDe VALUES (N'NLKT ', 545, N'B', N'Nội dung câu hỏi số 545 trình độ A. Đáp Án C.', N'Đáp án A', N'Đáp án B', N'Đáp án C', N'Đáp án D', N'C', N'GV040001')
--INSERT INTO BoDe VALUES (N'NLKT ', 546, N'B', N'Nội dung câu hỏi số 546 trình độ A. Đáp Án C.', N'Đáp án A', N'Đáp án B', N'Đáp án C', N'Đáp án D', N'C', N'GV040001')
--INSERT INTO BoDe VALUES (N'NLKT ', 547, N'B', N'Nội dung câu hỏi số 547 trình độ A. Đáp Án C.', N'Đáp án A', N'Đáp án B', N'Đáp án C', N'Đáp án D', N'C', N'GV040001')
--INSERT INTO BoDe VALUES (N'NLKT ', 548, N'B', N'Nội dung câu hỏi số 548 trình độ A. Đáp Án C.', N'Đáp án A', N'Đáp án B', N'Đáp án C', N'Đáp án D', N'C', N'GV040001')
--INSERT INTO BoDe VALUES (N'NLKT ', 549, N'B', N'Nội dung câu hỏi số 549 trình độ A. Đáp Án C.', N'Đáp án A', N'Đáp án B', N'Đáp án C', N'Đáp án D', N'C', N'GV040001')
--INSERT INTO BoDe VALUES (N'NLKT ', 550, N'B', N'Nội dung câu hỏi số 550 trình độ A. Đáp Án C.', N'Đáp án A', N'Đáp án B', N'Đáp án C', N'Đáp án D', N'C', N'GV040001')

--INSERT INTO BoDe VALUES (N'NLKT ', 551, N'B', N'Nội dung câu hỏi số 551 trình độ A. Đáp Án D.', N'Đáp án A', N'Đáp án B', N'Đáp án C', N'Đáp án D', N'D', N'GV040001')
--INSERT INTO BoDe VALUES (N'NLKT ', 552, N'B', N'Nội dung câu hỏi số 552 trình độ A. Đáp Án D.', N'Đáp án A', N'Đáp án B', N'Đáp án C', N'Đáp án D', N'D', N'GV040001')
--INSERT INTO BoDe VALUES (N'NLKT ', 553, N'B', N'Nội dung câu hỏi số 553 trình độ A. Đáp Án D.', N'Đáp án A', N'Đáp án B', N'Đáp án C', N'Đáp án D', N'D', N'GV040001')
--INSERT INTO BoDe VALUES (N'NLKT ', 554, N'B', N'Nội dung câu hỏi số 554 trình độ A. Đáp Án D.', N'Đáp án A', N'Đáp án B', N'Đáp án C', N'Đáp án D', N'D', N'GV040001')
--INSERT INTO BoDe VALUES (N'NLKT ', 555, N'B', N'Nội dung câu hỏi số 555 trình độ A. Đáp Án D.', N'Đáp án A', N'Đáp án B', N'Đáp án C', N'Đáp án D', N'D', N'GV040001')
--INSERT INTO BoDe VALUES (N'NLKT ', 556, N'B', N'Nội dung câu hỏi số 556 trình độ A. Đáp Án D.', N'Đáp án A', N'Đáp án B', N'Đáp án C', N'Đáp án D', N'D', N'GV040001')
--INSERT INTO BoDe VALUES (N'NLKT ', 557, N'B', N'Nội dung câu hỏi số 557 trình độ A. Đáp Án D.', N'Đáp án A', N'Đáp án B', N'Đáp án C', N'Đáp án D', N'D', N'GV040001')
--INSERT INTO BoDe VALUES (N'NLKT ', 558, N'B', N'Nội dung câu hỏi số 558 trình độ A. Đáp Án D.', N'Đáp án A', N'Đáp án B', N'Đáp án C', N'Đáp án D', N'D', N'GV040001')
--INSERT INTO BoDe VALUES (N'NLKT ', 559, N'B', N'Nội dung câu hỏi số 559 trình độ A. Đáp Án D.', N'Đáp án A', N'Đáp án B', N'Đáp án C', N'Đáp án D', N'D', N'GV040001')
--INSERT INTO BoDe VALUES (N'NLKT ', 560, N'B', N'Nội dung câu hỏi số 560 trình độ A. Đáp Án D.', N'Đáp án A', N'Đáp án B', N'Đáp án C', N'Đáp án D', N'D', N'GV040001')
------------------------------------------------------------------------------------------------------------------------------------------------------------KTQT  A
--INSERT INTO BoDe VALUES (N'KTQT ', 561, N'A', N'Nội dung câu hỏi số 561 trình độ A. Đáp Án A.', N'Đáp án A', N'Đáp án B', N'Đáp án C', N'Đáp án D', N'A', N'GV040002')
--INSERT INTO BoDe VALUES (N'KTQT ', 562, N'A', N'Nội dung câu hỏi số 562 trình độ A. Đáp Án A.', N'Đáp án A', N'Đáp án B', N'Đáp án C', N'Đáp án D', N'A', N'GV040002')
--INSERT INTO BoDe VALUES (N'KTQT ', 563, N'A', N'Nội dung câu hỏi số 563 trình độ A. Đáp Án A.', N'Đáp án A', N'Đáp án B', N'Đáp án C', N'Đáp án D', N'A', N'GV040002')
--INSERT INTO BoDe VALUES (N'KTQT ', 564, N'A', N'Nội dung câu hỏi số 564 trình độ A. Đáp Án A.', N'Đáp án A', N'Đáp án B', N'Đáp án C', N'Đáp án D', N'A', N'GV040002')
--INSERT INTO BoDe VALUES (N'KTQT ', 565, N'A', N'Nội dung câu hỏi số 565 trình độ A. Đáp Án A.', N'Đáp án A', N'Đáp án B', N'Đáp án C', N'Đáp án D', N'A', N'GV040002')
--INSERT INTO BoDe VALUES (N'KTQT ', 566, N'A', N'Nội dung câu hỏi số 566 trình độ A. Đáp Án A.', N'Đáp án A', N'Đáp án B', N'Đáp án C', N'Đáp án D', N'A', N'GV040002')
--INSERT INTO BoDe VALUES (N'KTQT ', 567, N'A', N'Nội dung câu hỏi số 567 trình độ A. Đáp Án A.', N'Đáp án A', N'Đáp án B', N'Đáp án C', N'Đáp án D', N'A', N'GV040002')
--INSERT INTO BoDe VALUES (N'KTQT ', 568, N'A', N'Nội dung câu hỏi số 568 trình độ A. Đáp Án A.', N'Đáp án A', N'Đáp án B', N'Đáp án C', N'Đáp án D', N'A', N'GV040002')
--INSERT INTO BoDe VALUES (N'KTQT ', 569, N'A', N'Nội dung câu hỏi số 569 trình độ A. Đáp Án A.', N'Đáp án A', N'Đáp án B', N'Đáp án C', N'Đáp án D', N'A', N'GV040002')
--INSERT INTO BoDe VALUES (N'KTQT ', 570, N'A', N'Nội dung câu hỏi số 570 trình độ A. Đáp Án A.', N'Đáp án A', N'Đáp án B', N'Đáp án C', N'Đáp án D', N'A', N'GV040002')

--INSERT INTO BoDe VALUES (N'KTQT ', 571, N'A', N'Nội dung câu hỏi số 571 trình độ A. Đáp Án B.', N'Đáp án A', N'Đáp án B', N'Đáp án C', N'Đáp án D', N'B', N'GV040002')
--INSERT INTO BoDe VALUES (N'KTQT ', 572, N'A', N'Nội dung câu hỏi số 572 trình độ A. Đáp Án B.', N'Đáp án A', N'Đáp án B', N'Đáp án C', N'Đáp án D', N'B', N'GV040002')
--INSERT INTO BoDe VALUES (N'KTQT ', 573, N'A', N'Nội dung câu hỏi số 573 trình độ A. Đáp Án B.', N'Đáp án A', N'Đáp án B', N'Đáp án C', N'Đáp án D', N'B', N'GV040002')
--INSERT INTO BoDe VALUES (N'KTQT ', 574, N'A', N'Nội dung câu hỏi số 574 trình độ A. Đáp Án B.', N'Đáp án A', N'Đáp án B', N'Đáp án C', N'Đáp án D', N'B', N'GV040002')
--INSERT INTO BoDe VALUES (N'KTQT ', 575, N'A', N'Nội dung câu hỏi số 575 trình độ A. Đáp Án B.', N'Đáp án A', N'Đáp án B', N'Đáp án C', N'Đáp án D', N'B', N'GV040002')
--INSERT INTO BoDe VALUES (N'KTQT ', 576, N'A', N'Nội dung câu hỏi số 576 trình độ A. Đáp Án B.', N'Đáp án A', N'Đáp án B', N'Đáp án C', N'Đáp án D', N'B', N'GV040002')
--INSERT INTO BoDe VALUES (N'KTQT ', 577, N'A', N'Nội dung câu hỏi số 577 trình độ A. Đáp Án B.', N'Đáp án A', N'Đáp án B', N'Đáp án C', N'Đáp án D', N'B', N'GV040002')
--INSERT INTO BoDe VALUES (N'KTQT ', 578, N'A', N'Nội dung câu hỏi số 578 trình độ A. Đáp Án B.', N'Đáp án A', N'Đáp án B', N'Đáp án C', N'Đáp án D', N'B', N'GV040002')
--INSERT INTO BoDe VALUES (N'KTQT ', 579, N'A', N'Nội dung câu hỏi số 579 trình độ A. Đáp Án B.', N'Đáp án A', N'Đáp án B', N'Đáp án C', N'Đáp án D', N'B', N'GV040002')
--INSERT INTO BoDe VALUES (N'KTQT ', 580, N'A', N'Nội dung câu hỏi số 580 trình độ A. Đáp Án B.', N'Đáp án A', N'Đáp án B', N'Đáp án C', N'Đáp án D', N'B', N'GV040002')

--INSERT INTO BoDe VALUES (N'KTQT ', 581, N'A', N'Nội dung câu hỏi số 581 trình độ A. Đáp Án C.', N'Đáp án A', N'Đáp án B', N'Đáp án C', N'Đáp án D', N'C', N'GV040002')
--INSERT INTO BoDe VALUES (N'KTQT ', 582, N'A', N'Nội dung câu hỏi số 582 trình độ A. Đáp Án C.', N'Đáp án A', N'Đáp án B', N'Đáp án C', N'Đáp án D', N'C', N'GV040002')
--INSERT INTO BoDe VALUES (N'KTQT ', 583, N'A', N'Nội dung câu hỏi số 583 trình độ A. Đáp Án C.', N'Đáp án A', N'Đáp án B', N'Đáp án C', N'Đáp án D', N'C', N'GV040002')
--INSERT INTO BoDe VALUES (N'KTQT ', 584, N'A', N'Nội dung câu hỏi số 584 trình độ A. Đáp Án C.', N'Đáp án A', N'Đáp án B', N'Đáp án C', N'Đáp án D', N'C', N'GV040002')
--INSERT INTO BoDe VALUES (N'KTQT ', 585, N'A', N'Nội dung câu hỏi số 585 trình độ A. Đáp Án C.', N'Đáp án A', N'Đáp án B', N'Đáp án C', N'Đáp án D', N'C', N'GV040002')
--INSERT INTO BoDe VALUES (N'KTQT ', 586, N'A', N'Nội dung câu hỏi số 586 trình độ A. Đáp Án C.', N'Đáp án A', N'Đáp án B', N'Đáp án C', N'Đáp án D', N'C', N'GV040002')
--INSERT INTO BoDe VALUES (N'KTQT ', 587, N'A', N'Nội dung câu hỏi số 587 trình độ A. Đáp Án C.', N'Đáp án A', N'Đáp án B', N'Đáp án C', N'Đáp án D', N'C', N'GV040002')
--INSERT INTO BoDe VALUES (N'KTQT ', 588, N'A', N'Nội dung câu hỏi số 588 trình độ A. Đáp Án C.', N'Đáp án A', N'Đáp án B', N'Đáp án C', N'Đáp án D', N'C', N'GV040002')
--INSERT INTO BoDe VALUES (N'KTQT ', 589, N'A', N'Nội dung câu hỏi số 589 trình độ A. Đáp Án C.', N'Đáp án A', N'Đáp án B', N'Đáp án C', N'Đáp án D', N'C', N'GV040002')
--INSERT INTO BoDe VALUES (N'KTQT ', 590, N'A', N'Nội dung câu hỏi số 590 trình độ A. Đáp Án C.', N'Đáp án A', N'Đáp án B', N'Đáp án C', N'Đáp án D', N'C', N'GV040002')

--INSERT INTO BoDe VALUES (N'KTQT ', 591, N'A', N'Nội dung câu hỏi số 591 trình độ A. Đáp Án D.', N'Đáp án A', N'Đáp án B', N'Đáp án C', N'Đáp án D', N'D', N'GV040002')
--INSERT INTO BoDe VALUES (N'KTQT ', 592, N'A', N'Nội dung câu hỏi số 592 trình độ A. Đáp Án D.', N'Đáp án A', N'Đáp án B', N'Đáp án C', N'Đáp án D', N'D', N'GV040002')
--INSERT INTO BoDe VALUES (N'KTQT ', 593, N'A', N'Nội dung câu hỏi số 593 trình độ A. Đáp Án D.', N'Đáp án A', N'Đáp án B', N'Đáp án C', N'Đáp án D', N'D', N'GV040002')
--INSERT INTO BoDe VALUES (N'KTQT ', 594, N'A', N'Nội dung câu hỏi số 594 trình độ A. Đáp Án D.', N'Đáp án A', N'Đáp án B', N'Đáp án C', N'Đáp án D', N'D', N'GV040002')
--INSERT INTO BoDe VALUES (N'KTQT ', 595, N'A', N'Nội dung câu hỏi số 595 trình độ A. Đáp Án D.', N'Đáp án A', N'Đáp án B', N'Đáp án C', N'Đáp án D', N'D', N'GV040002')
--INSERT INTO BoDe VALUES (N'KTQT ', 596, N'A', N'Nội dung câu hỏi số 596 trình độ A. Đáp Án D.', N'Đáp án A', N'Đáp án B', N'Đáp án C', N'Đáp án D', N'D', N'GV040002')
--INSERT INTO BoDe VALUES (N'KTQT ', 597, N'A', N'Nội dung câu hỏi số 597 trình độ A. Đáp Án D.', N'Đáp án A', N'Đáp án B', N'Đáp án C', N'Đáp án D', N'D', N'GV040002')
--INSERT INTO BoDe VALUES (N'KTQT ', 598, N'A', N'Nội dung câu hỏi số 598 trình độ A. Đáp Án D.', N'Đáp án A', N'Đáp án B', N'Đáp án C', N'Đáp án D', N'D', N'GV040002')
--INSERT INTO BoDe VALUES (N'KTQT ', 599, N'A', N'Nội dung câu hỏi số 599 trình độ A. Đáp Án D.', N'Đáp án A', N'Đáp án B', N'Đáp án C', N'Đáp án D', N'D', N'GV040002')
--INSERT INTO BoDe VALUES (N'KTQT ', 600, N'A', N'Nội dung câu hỏi số 600 trình độ A. Đáp Án D.', N'Đáp án A', N'Đáp án B', N'Đáp án C', N'Đáp án D', N'D', N'GV040002')
------------------------------------------------------------------------------------------------------------------------------------------------------------KTQT  C
--INSERT INTO BoDe VALUES (N'KTQT ', 601, N'C', N'Nội dung câu hỏi số 601 trình độ C. Đáp Án A.', N'Đáp án A', N'Đáp án B', N'Đáp án C', N'Đáp án D', N'A', N'GV040002')
--INSERT INTO BoDe VALUES (N'KTQT ', 602, N'C', N'Nội dung câu hỏi số 602 trình độ C. Đáp Án A.', N'Đáp án A', N'Đáp án B', N'Đáp án C', N'Đáp án D', N'A', N'GV040002')
--INSERT INTO BoDe VALUES (N'KTQT ', 603, N'C', N'Nội dung câu hỏi số 603 trình độ C. Đáp Án A.', N'Đáp án A', N'Đáp án B', N'Đáp án C', N'Đáp án D', N'A', N'GV040002')
--INSERT INTO BoDe VALUES (N'KTQT ', 604, N'C', N'Nội dung câu hỏi số 604 trình độ C. Đáp Án A.', N'Đáp án A', N'Đáp án B', N'Đáp án C', N'Đáp án D', N'A', N'GV040002')
--INSERT INTO BoDe VALUES (N'KTQT ', 605, N'C', N'Nội dung câu hỏi số 605 trình độ C. Đáp Án A.', N'Đáp án A', N'Đáp án B', N'Đáp án C', N'Đáp án D', N'A', N'GV040002')
--INSERT INTO BoDe VALUES (N'KTQT ', 606, N'C', N'Nội dung câu hỏi số 606 trình độ C. Đáp Án A.', N'Đáp án A', N'Đáp án B', N'Đáp án C', N'Đáp án D', N'A', N'GV040002')
--INSERT INTO BoDe VALUES (N'KTQT ', 607, N'C', N'Nội dung câu hỏi số 607 trình độ C. Đáp Án A.', N'Đáp án A', N'Đáp án B', N'Đáp án C', N'Đáp án D', N'A', N'GV040002')
--INSERT INTO BoDe VALUES (N'KTQT ', 608, N'C', N'Nội dung câu hỏi số 608 trình độ C. Đáp Án A.', N'Đáp án A', N'Đáp án B', N'Đáp án C', N'Đáp án D', N'A', N'GV040002')
--INSERT INTO BoDe VALUES (N'KTQT ', 609, N'C', N'Nội dung câu hỏi số 609 trình độ C. Đáp Án A.', N'Đáp án A', N'Đáp án B', N'Đáp án C', N'Đáp án D', N'A', N'GV040002')
--INSERT INTO BoDe VALUES (N'KTQT ', 610, N'C', N'Nội dung câu hỏi số 610 trình độ C. Đáp Án A.', N'Đáp án A', N'Đáp án B', N'Đáp án C', N'Đáp án D', N'A', N'GV040002')

--INSERT INTO BoDe VALUES (N'KTQT ', 611, N'C', N'Nội dung câu hỏi số 611 trình độ C. Đáp Án B.', N'Đáp án A', N'Đáp án B', N'Đáp án C', N'Đáp án D', N'B', N'GV040002')
--INSERT INTO BoDe VALUES (N'KTQT ', 612, N'C', N'Nội dung câu hỏi số 612 trình độ C. Đáp Án B.', N'Đáp án A', N'Đáp án B', N'Đáp án C', N'Đáp án D', N'B', N'GV040002')
--INSERT INTO BoDe VALUES (N'KTQT ', 613, N'C', N'Nội dung câu hỏi số 613 trình độ C. Đáp Án B.', N'Đáp án A', N'Đáp án B', N'Đáp án C', N'Đáp án D', N'B', N'GV040002')
--INSERT INTO BoDe VALUES (N'KTQT ', 614, N'C', N'Nội dung câu hỏi số 614 trình độ C. Đáp Án B.', N'Đáp án A', N'Đáp án B', N'Đáp án C', N'Đáp án D', N'B', N'GV040002')
--INSERT INTO BoDe VALUES (N'KTQT ', 615, N'C', N'Nội dung câu hỏi số 615 trình độ C. Đáp Án B.', N'Đáp án A', N'Đáp án B', N'Đáp án C', N'Đáp án D', N'B', N'GV040002')
--INSERT INTO BoDe VALUES (N'KTQT ', 616, N'C', N'Nội dung câu hỏi số 616 trình độ C. Đáp Án B.', N'Đáp án A', N'Đáp án B', N'Đáp án C', N'Đáp án D', N'B', N'GV040002')
--INSERT INTO BoDe VALUES (N'KTQT ', 617, N'C', N'Nội dung câu hỏi số 617 trình độ C. Đáp Án B.', N'Đáp án A', N'Đáp án B', N'Đáp án C', N'Đáp án D', N'B', N'GV040002')
--INSERT INTO BoDe VALUES (N'KTQT ', 618, N'C', N'Nội dung câu hỏi số 618 trình độ C. Đáp Án B.', N'Đáp án A', N'Đáp án B', N'Đáp án C', N'Đáp án D', N'B', N'GV040002')
--INSERT INTO BoDe VALUES (N'KTQT ', 619, N'C', N'Nội dung câu hỏi số 619 trình độ C. Đáp Án B.', N'Đáp án A', N'Đáp án B', N'Đáp án C', N'Đáp án D', N'B', N'GV040002')
--INSERT INTO BoDe VALUES (N'KTQT ', 620, N'C', N'Nội dung câu hỏi số 620 trình độ C. Đáp Án B.', N'Đáp án A', N'Đáp án B', N'Đáp án C', N'Đáp án D', N'B', N'GV040002')

--INSERT INTO BoDe VALUES (N'KTQT ', 621, N'C', N'Nội dung câu hỏi số 621 trình độ C. Đáp Án C.', N'Đáp án A', N'Đáp án B', N'Đáp án C', N'Đáp án D', N'C', N'GV040002')
--INSERT INTO BoDe VALUES (N'KTQT ', 622, N'C', N'Nội dung câu hỏi số 622 trình độ C. Đáp Án C.', N'Đáp án A', N'Đáp án B', N'Đáp án C', N'Đáp án D', N'C', N'GV040002')
--INSERT INTO BoDe VALUES (N'KTQT ', 623, N'C', N'Nội dung câu hỏi số 623 trình độ C. Đáp Án C.', N'Đáp án A', N'Đáp án B', N'Đáp án C', N'Đáp án D', N'C', N'GV040002')
--INSERT INTO BoDe VALUES (N'KTQT ', 624, N'C', N'Nội dung câu hỏi số 624 trình độ C. Đáp Án C.', N'Đáp án A', N'Đáp án B', N'Đáp án C', N'Đáp án D', N'C', N'GV040002')
--INSERT INTO BoDe VALUES (N'KTQT ', 625, N'C', N'Nội dung câu hỏi số 625 trình độ C. Đáp Án C.', N'Đáp án A', N'Đáp án B', N'Đáp án C', N'Đáp án D', N'C', N'GV040002')
--INSERT INTO BoDe VALUES (N'KTQT ', 626, N'C', N'Nội dung câu hỏi số 626 trình độ C. Đáp Án C.', N'Đáp án A', N'Đáp án B', N'Đáp án C', N'Đáp án D', N'C', N'GV040002')
--INSERT INTO BoDe VALUES (N'KTQT ', 627, N'C', N'Nội dung câu hỏi số 627 trình độ C. Đáp Án C.', N'Đáp án A', N'Đáp án B', N'Đáp án C', N'Đáp án D', N'C', N'GV040002')
--INSERT INTO BoDe VALUES (N'KTQT ', 628, N'C', N'Nội dung câu hỏi số 628 trình độ C. Đáp Án C.', N'Đáp án A', N'Đáp án B', N'Đáp án C', N'Đáp án D', N'C', N'GV040002')
--INSERT INTO BoDe VALUES (N'KTQT ', 629, N'C', N'Nội dung câu hỏi số 629 trình độ C. Đáp Án C.', N'Đáp án A', N'Đáp án B', N'Đáp án C', N'Đáp án D', N'C', N'GV040002')
--INSERT INTO BoDe VALUES (N'KTQT ', 630, N'C', N'Nội dung câu hỏi số 630 trình độ C. Đáp Án C.', N'Đáp án A', N'Đáp án B', N'Đáp án C', N'Đáp án D', N'C', N'GV040002')

--INSERT INTO BoDe VALUES (N'KTQT ', 631, N'C', N'Nội dung câu hỏi số 631 trình độ C. Đáp Án D.', N'Đáp án A', N'Đáp án B', N'Đáp án C', N'Đáp án D', N'D', N'GV040002')
--INSERT INTO BoDe VALUES (N'KTQT ', 632, N'C', N'Nội dung câu hỏi số 632 trình độ C. Đáp Án D.', N'Đáp án A', N'Đáp án B', N'Đáp án C', N'Đáp án D', N'D', N'GV040002')
--INSERT INTO BoDe VALUES (N'KTQT ', 633, N'C', N'Nội dung câu hỏi số 633 trình độ C. Đáp Án D.', N'Đáp án A', N'Đáp án B', N'Đáp án C', N'Đáp án D', N'D', N'GV040002')
--INSERT INTO BoDe VALUES (N'KTQT ', 634, N'C', N'Nội dung câu hỏi số 634 trình độ C. Đáp Án D.', N'Đáp án A', N'Đáp án B', N'Đáp án C', N'Đáp án D', N'D', N'GV040002')
--INSERT INTO BoDe VALUES (N'KTQT ', 635, N'C', N'Nội dung câu hỏi số 635 trình độ C. Đáp Án D.', N'Đáp án A', N'Đáp án B', N'Đáp án C', N'Đáp án D', N'D', N'GV040002')
--INSERT INTO BoDe VALUES (N'KTQT ', 636, N'C', N'Nội dung câu hỏi số 636 trình độ C. Đáp Án D.', N'Đáp án A', N'Đáp án B', N'Đáp án C', N'Đáp án D', N'D', N'GV040002')
--INSERT INTO BoDe VALUES (N'KTQT ', 637, N'C', N'Nội dung câu hỏi số 637 trình độ C. Đáp Án D.', N'Đáp án A', N'Đáp án B', N'Đáp án C', N'Đáp án D', N'D', N'GV040002')
--INSERT INTO BoDe VALUES (N'KTQT ', 638, N'C', N'Nội dung câu hỏi số 638 trình độ C. Đáp Án D.', N'Đáp án A', N'Đáp án B', N'Đáp án C', N'Đáp án D', N'D', N'GV040002')
--INSERT INTO BoDe VALUES (N'KTQT ', 639, N'C', N'Nội dung câu hỏi số 639 trình độ C. Đáp Án D.', N'Đáp án A', N'Đáp án B', N'Đáp án C', N'Đáp án D', N'D', N'GV040002')
--INSERT INTO BoDe VALUES (N'KTQT ', 640, N'C', N'Nội dung câu hỏi số 640 trình độ C. Đáp Án D.', N'Đáp án A', N'Đáp án B', N'Đáp án C', N'Đáp án D', N'D', N'GV040002')

--SELECT * FROM BoDe---------------------------------------------------------------------------------------------------------------------------------------------------



--CREATE TABLE BangDiem(
--MASV nchar(8) foreign key references SinhVien(MASV),
--MAMH nchar(5) foreign key references MonHoc(MAMH),
--LAN smallint CHECK (LAN >= 1 AND LAN <= 2),
--NGAYTHI datetime DEFAULT GETDATE(),
--DIEM float CHECK (DIEM >= 0 AND DIEM <= 10),
--BAITHI ntext,
--PRIMARY KEY (MASV, MAMH, LAN))

--INSERT INTO BangDiem VALUES (N'01200001', N'CSPT ', 1, '02/01/2021', 10.0, N'Bài thi 1.')
--INSERT INTO BangDiem VALUES (N'01200001', N'CTDL ', 1, '02/01/2021', 10.0, N'Bài thi 1.')

--INSERT INTO BangDiem VALUES (N'02200001', N'TNHD ', 1, '02/01/2021', 10.0, N'Bài thi 1.')
--INSERT INTO BangDiem VALUES (N'02200001', N'BC1  ', 1, '02/01/2021', 10.0, N'Bài thi 1.')

--INSERT INTO BangDiem VALUES (N'03200001', N'KTCT ', 1, '02/01/2021', 10.0, N'Bài thi 1.')
--INSERT INTO BangDiem VALUES (N'03200001', N'DSKTD', 1, '02/01/2021', 10.0, N'Bài thi 1.')

--INSERT INTO BangDiem VALUES (N'04200001', N'NLKT ', 1, '02/01/2021', 10.0, N'Bài thi 1.')
--INSERT INTO BangDiem VALUES (N'04200001', N'KTQT ', 1, '02/01/2021', 10.0, N'Bài thi 1.')

--SELECT * FROM BangDiem

